codigo;nr;gradacao
101049-2;NR-01;I3
101050-6;NR-01;I3
101051-4;NR-01;I2
101052-2;NR-01;I2
101053-0;NR-01;I4
101054-9;NR-01;I2
101055-7;NR-01;I3
101056-5;NR-01;I4
101057-3;NR-01;I2
101058-1;NR-01;I3
101059-0;NR-01;I3
101060-3;NR-01;I3
101061-1;NR-01;I3
101062-0;NR-01;I3
101063-8;NR-01;I3
101064-6;NR-01;I3
101066-2;NR-01;I3
101067-0;NR-01;I3
101068-9;NR-01;I3
101069-7;NR-01;I3
101070-0;NR-01;I3
101071-9;NR-01;I3
101072-7;NR-01;I3
101073-5;NR-01;I3
101074-3;NR-01;I3
101075-1;NR-01;I3
101076-0;NR-01;I3
101077-8;NR-01;I4
101078-6;NR-01;I3
101079-4;NR-01;I2
101080-8;NR-01;I3
101081-6;NR-01;I3
101082-4;NR-01;I3
101083-2;NR-01;I3
101084-0;NR-01;I2
101085-9;NR-01;I2
101086-7;NR-01;I3
101087-5;NR-01;I1
101088-3;NR-01;I3
101089-1;NR-01;I3
101090-5;NR-01;I3
101091-3;NR-01;I2
101092-1;NR-01;I3
101093-0;NR-01;I3
101094-8;NR-01;I3
101095-6;NR-01;I3
101096-4;NR-01;I2
101097-2;NR-01;I3
101098-0;NR-01;I2
101099-9;NR-01;I3
101100-6;NR-01;I2
101101-4;NR-01;I3
101103-0;NR-01;I3
101104-9;NR-01;I3
101105-7;NR-01;I2
101106-5;NR-01;I2
101107-3;NR-01;I3
101108-1;NR-01;I1
101109-0;NR-01;I3
101110-3;NR-01;I2
101111-1;NR-01;I2
101112-0;NR-01;I3
101113-8;NR-01;I3
101114-6;NR-01;I3
101115-4;NR-01;I2
101116-2;NR-01;I3
103008-6;NR-03;I4
103009-4;NR-03;I4
103010-8;NR-03;I4
103011-6;NR-03;I2
104044-8;NR-04;I4
104046-4;NR-04;I3
104047-2;NR-04;I3
104048-0;NR-04;I3
104049-9;NR-04;I3
104050-2;NR-04;I2
104051-0;NR-04;I3
104052-9;NR-04;I3
104053-7;NR-04;I3
104054-5;NR-04;I3
104055-3;NR-04;I3
104056-1;NR-04;I3
104057-0;NR-04;I3
104058-8;NR-04;I3
104060-0;NR-04;I3
104063-4;NR-04;I3
104065-0;NR-04;I3
104066-9;NR-04;I3
104067-7;NR-04;I2
104069-3;NR-04;I3
104070-7;NR-04;I3
104071-5;NR-04;I3
104072-3;NR-04;I3
104073-1;NR-04;I3
104074-0;NR-04;I3
104075-8;NR-04;I3
104076-6;NR-04;I3
104077-4;NR-04;I3
104078-2;NR-04;I3
104079-0;NR-04;I3
104080-4;NR-04;I3
104081-2;NR-04;I3
104082-0;NR-04;I3
104083-9;NR-04;I3
104084-7;NR-04;I3
104085-5;NR-04;I3
104086-3;NR-04;I3
104087-1;NR-04;I3
104088-0;NR-04;I3
104089-8;NR-04;I2
104090-1;NR-04;I2
104091-0;NR-04;I2
104092-8;NR-04;I2
104093-6;NR-04;I2
107100-9;NR-07;I3
107101-7;NR-07;I4
107102-5;NR-07;I2
107103-3;NR-07;I2
107104-1;NR-07;I4
107105-0;NR-07;I3
107106-8;NR-07;I3
107108-4;NR-07;I2
107109-2;NR-07;I2
107110-6;NR-07;I3
107111-4;NR-07;I3
107112-2;NR-07;I3
107113-0;NR-07;I3
107114-9;NR-07;I3
107115-7;NR-07;I3
107116-5;NR-07;I3
107117-3;NR-07;I3
107118-1;NR-07;I2
107119-0;NR-07;I3
107120-3;NR-07;I3
107121-1;NR-07;I3
107124-6;NR-07;I3
107125-4;NR-07;I2
107127-0;NR-07;I3
107128-9;NR-07;I3
107129-7;NR-07;I2
107130-0;NR-07;I2
107131-9;NR-07;I1
107132-7;NR-07;I3
107135-1;NR-07;I2
107136-0;NR-07;I2
107137-8;NR-07;I3
107139-4;NR-07;I2
107140-8;NR-07;I4
107141-6;NR-07;I2
107142-4;NR-07;I2
107143-2;NR-07;I3
107146-7;NR-07;I3
107152-1;NR-07;I2
107153-0;NR-07;I2
107154-8;NR-07;I3
107155-6;NR-07;I3
107156-4;NR-07;I3
107157-2;NR-07;I3
107158-0;NR-07;I2
107159-9;NR-07;I2
107160-2;NR-07;I2
107161-0;NR-07;I3
107162-9;NR-07;I2
107163-7;NR-07;I2
107164-5;NR-07;I3
107165-3;NR-07;I3
107166-1;NR-07;I3
107167-0;NR-07;I3
107168-8;NR-07;I3
107169-6;NR-07;I3
107170-0;NR-07;I2
107171-8;NR-07;I2
107172-6;NR-07;I2
107173-4;NR-07;I3
107174-2;NR-07;I4
107175-0;NR-07;I4
107176-9;NR-07;I4
107177-7;NR-07;I4
107178-5;NR-07;I3
107179-3;NR-07;I3
107180-7;NR-07;I2
107181-5;NR-07;I1
107182-3;NR-07;I2
107183-1;NR-07;I2
107184-0;NR-07;I3
107185-8;NR-07;I3
107186-6;NR-07;I2
107187-4;NR-07;I3
107188-2;NR-07;I2
107189-0;NR-07;I2
107190-4;NR-07;I2
107191-2;NR-07;I2
107192-0;NR-07;I2
107193-9;NR-07;I1
107194-7;NR-07;I2
107195-5;NR-07;I2
107196-3;NR-07;I2
107197-1;NR-07;I2
107198-0;NR-07;I3
107199-8;NR-07;I3
107200-5;NR-07;I3
107201-3;NR-07;I3
107202-1;NR-07;I3
107203-0;NR-07;I2
107204-8;NR-07;I2
107205-6;NR-07;I1
107206-4;NR-07;I2
107207-2;NR-07;I2
107208-0;NR-07;I3
107209-9;NR-07;I2
107210-2;NR-07;I1
107211-0;NR-07;I3
107212-9;NR-07;I3
107213-7;NR-07;I2
107214-5;NR-07;I2
107215-3;NR-07;I2
107216-1;NR-07;I2
107217-0;NR-07;I2
107218-8;NR-07;I2
107219-6;NR-07;I2
107220-0;NR-07;I1
107221-8;NR-07;I1
107222-6;NR-07;I2
107223-4;NR-07;I1
107224-2;NR-07;I2
107225-0;NR-07;I1
107226-9;NR-07;I1
107227-7;NR-07;I1
107228-5;NR-07;I1
107229-3;NR-07;I3
107230-7;NR-07;I3
107231-5;NR-07;I3
107232-3;NR-07;I3
107233-1;NR-07;I1
107234-0;NR-07;I3
107235-8;NR-07;I3
107236-6;NR-07;I3
107237-4;NR-07;I3
107238-2;NR-07;I3
107239-0;NR-07;I3
107240-4;NR-07;I2
107241-2;NR-07;I2
107242-0;NR-07;I2
107243-9;NR-07;I2
107244-7;NR-07;I4
107245-5;NR-07;I4
107246-3;NR-07;I4
107247-1;NR-07;I4
107248-0;NR-07;I4
107249-8;NR-07;I1
107250-1;NR-07;I4
107251-0;NR-07;I2
107252-8;NR-07;I3
107253-6;NR-07;I3
107254-4;NR-07;I4
107255-2;NR-07;I4
107256-0;NR-07;I2
107257-9;NR-07;I3
107258-7;NR-07;I4
107259-5;NR-07;I3
107260-9;NR-07;I3
107261-7;NR-07;I3
107262-5;NR-07;I3
107263-3;NR-07;I3
107264-1;NR-07;I3
107265-0;NR-07;I3
107266-8;NR-07;I3
107267-6;NR-07;I3
107268-4;NR-07;I3
107269-2;NR-07;I4
107270-6;NR-07;I4
107271-4;NR-07;I4
107272-2;NR-07;I3
107273-0;NR-07;I3
107274-9;NR-07;I3
107275-7;NR-07;I3
107276-5;NR-07;I3
107277-3;NR-07;I3
107278-1;NR-07;I4
107279-0;NR-07;I4
107280-3;NR-07;I4
107281-1;NR-07;I4
107282-0;NR-07;I3
107283-8;NR-07;I2
107284-6;NR-07;I3
107285-4;NR-07;I3
107286-2;NR-07;I3
107287-0;NR-07;I4
107288-9;NR-07;I3
107289-7;NR-07;I3
107290-0;NR-07;I3
107291-9;NR-07;I3
107292-7;NR-07;I3
107293-5;NR-07;I3
107294-3;NR-07;I3
107295-1;NR-07;I3
107296-0;NR-07;I3
107297-8;NR-07;I3
107298-6;NR-07;I3
107299-4;NR-07;I3
107300-1;NR-07;I3
107301-0;NR-07;I3
107302-8;NR-07;I4
107303-6;NR-07;I3
107304-4;NR-07;I4
107305-2;NR-07;I3
107306-0;NR-07;I4
107307-9;NR-07;I4
107308-7;NR-07;I2
107309-5;NR-07;I4
107310-9;NR-07;I3
107311-7;NR-07;I2
107312-5;NR-07;I3
107313-3;NR-07;I2
108031-8;NR-08;I2
108032-6;NR-08;I3
108033-4;NR-08;I4
108034-2;NR-08;I3
108035-0;NR-08;I3
108036-9;NR-08;I4
108037-7;NR-08;I2
108038-5;NR-08;I2
108039-3;NR-08;I2
108040-7;NR-08;I2
109183-2;NR-09;I3
109184-0;NR-09;I3
109185-9;NR-09;I3
109186-7;NR-09;I2
109187-5;NR-09;I3
109188-3;NR-09;I2
109189-1;NR-09;I3
109190-5;NR-09;I3
109191-3;NR-09;I3
109192-1;NR-09;I2
109193-0;NR-09;I3
109194-8;NR-09;I3
109195-6;NR-09;I2
109196-4;NR-09;I2
109197-2;NR-09;I3
109198-0;NR-09;I2
109199-9;NR-09;I3
109200-6;NR-09;I3
109201-4;NR-09;I3
109202-2;NR-09;I3
109203-0;NR-09;I2
109204-9;NR-09;I3
109205-7;NR-09;I3
109206-5;NR-09;I2
109207-3;NR-09;I3
109208-1;NR-09;I3
109209-0;NR-09;I3
109210-3;NR-09;I3
109211-1;NR-09;I3
111035-7;NR-11;I4
111036-5;NR-11;I4
111037-3;NR-11;I3
111038-1;NR-11;I4
111039-0;NR-11;I4
111040-3;NR-11;I2
111041-1;NR-11;I4
111042-0;NR-11;I2
111046-2;NR-11;I2
111047-0;NR-11;I3
111050-0;NR-11;I2
111054-3;NR-11;I2
111055-1;NR-11;I3
111056-0;NR-11;I3
111057-8;NR-11;I2
111058-6;NR-11;I3
111084-5;NR-11;I4
111103-5;NR-11;I4
111104-3;NR-11;I4
111122-1;NR-11;I4
111123-0;NR-11;I4
111124-8;NR-11;I4
111125-6;NR-11;I4
111126-4;NR-11;I3
111127-2;NR-11;I4
111128-0;NR-11;I2
111129-9;NR-11;I3
111130-2;NR-11;I4
111131-0;NR-11;I4
111132-9;NR-11;I4
111133-7;NR-11;I4
111134-5;NR-11;I4
111135-3;NR-11;I4
111136-1;NR-11;I4
111137-0;NR-11;I4
111138-8;NR-11;I4
111139-6;NR-11;I4
111140-0;NR-11;I4
111141-8;NR-11;I4
111142-6;NR-11;I4
114015-9;NR-14;I3
114016-7;NR-14;I4
114017-5;NR-14;I3
114018-3;NR-14;I4
114019-1;NR-14;I3
115001-4;NR-15;I1
115016-2;NR-15;I4
115020-0;NR-15;I4
115021-9;NR-15;I3
115024-3;NR-15;I3
115025-1;NR-15;I3
115028-6;NR-15;I3
115041-3;NR-15;I2
115052-9;NR-15;I4
115054-5;NR-15;I3
115055-3;NR-15;I4
115057-0;NR-15;I4
115058-8;NR-15;I4
115059-6;NR-15;I4
115060-0;NR-15;I3
115065-0;NR-15;I2
115066-9;NR-15;I1
115071-5;NR-15;I3
115072-3;NR-15;I3
115077-4;NR-15;I2
115078-2;NR-15;I3
115079-0;NR-15;I3
115080-4;NR-15;I4
115082-0;NR-15;I4
115083-9;NR-15;I4
115087-1;NR-15;I4
115088-0;NR-15;I4
115089-8;NR-15;I4
115090-1;NR-15;I4
115091-0;NR-15;I4
115092-8;NR-15;I4
115093-6;NR-15;I3
115095-2;NR-15;I4
115097-9;NR-15;I2
115098-7;NR-15;I3
115099-5;NR-15;I3
115110-0;NR-15;I3
115220-3;NR-15;I4
115221-1;NR-15;I4
115222-0;NR-15;I3
115223-8;NR-15;I4
115224-6;NR-15;I4
115225-4;NR-15;I4
115226-2;NR-15;I3
115227-0;NR-15;I2
115228-9;NR-15;I4
115229-7;NR-15;I3
115230-0;NR-15;I2
115231-9;NR-15;I3
115232-7;NR-15;I3
115233-5;NR-15;I2
115234-3;NR-15;I3
115236-0;NR-15;I4
115237-8;NR-15;I4
115238-6;NR-15;I4
115239-4;NR-15;I2
115240-8;NR-15;I4
116033-8;NR-16;I3
116034-6;NR-16;I3
117242-5;NR-17;I4
117243-3;NR-17;I2
117244-1;NR-17;I4
117245-0;NR-17;I2
117246-8;NR-17;I2
117247-6;NR-17;I2
117248-4;NR-17;I3
117249-2;NR-17;I3
117250-6;NR-17;I4
117251-4;NR-17;I4
117252-2;NR-17;I3
117253-0;NR-17;I2
117254-9;NR-17;I2
117255-7;NR-17;I3
117256-5;NR-17;I3
117257-3;NR-17;I2
117258-1;NR-17;I2
117259-0;NR-17;I4
117260-3;NR-17;I3
117261-1;NR-17;I3
117262-0;NR-17;I3
117263-8;NR-17;I2
117264-6;NR-17;I4
117265-4;NR-17;I3
117266-2;NR-17;I2
117267-0;NR-17;I2
117268-9;NR-17;I2
117269-7;NR-17;I3
117270-0;NR-17;I2
117271-9;NR-17;I2
117272-7;NR-17;I3
117273-5;NR-17;I4
117274-3;NR-17;I3
117275-1;NR-17;I4
117276-0;NR-17;I3
117277-8;NR-17;I2
117278-6;NR-17;I4
117279-4;NR-17;I3
117280-8;NR-17;I3
117281-6;NR-17;I3
117282-4;NR-17;I3
117283-2;NR-17;I2
117284-0;NR-17;I1
117285-9;NR-17;I3
117286-7;NR-17;I2
117287-5;NR-17;I3
117288-3;NR-17;I2
117289-1;NR-17;I2
117291-3;NR-17;I2
117292-1;NR-17;I2
117293-0;NR-17;I4
117294-8;NR-17;I4
117295-6;NR-17;I4
117296-4;NR-17;I4
117297-2;NR-17;I2
117298-0;NR-17;I2
117299-9;NR-17;I4
117300-6;NR-17;I2
117301-4;NR-17;I2
117302-2;NR-17;I2
117303-0;NR-17;I2
117304-9;NR-17;I2
117305-7;NR-17;I2
117306-5;NR-17;I3
117307-3;NR-17;I4
117308-1;NR-17;I3
117309-0;NR-17;I3
117310-3;NR-17;I2
117311-1;NR-17;I3
117312-0;NR-17;I1
117314-6;NR-17;I3
117315-4;NR-17;I1
117316-2;NR-17;I4
117317-0;NR-17;I3
117318-9;NR-17;I4
117319-7;NR-17;I4
117320-0;NR-17;I3
117321-9;NR-17;I3
117322-7;NR-17;I3
119268-0;NR-19;I4
119269-8;NR-19;I4
119270-1;NR-19;I4
119271-0;NR-19;I3
119272-8;NR-19;I4
119273-6;NR-19;I4
119274-4;NR-19;I4
119275-2;NR-19;I4
119276-0;NR-19;I4
119277-9;NR-19;I4
119278-7;NR-19;I4
119279-5;NR-19;I4
119280-9;NR-19;I4
119281-7;NR-19;I4
119282-5;NR-19;I4
119283-3;NR-19;I4
119284-1;NR-19;I4
119285-0;NR-19;I4
119286-8;NR-19;I4
119287-6;NR-19;I4
119288-4;NR-19;I4
119289-2;NR-19;I4
119290-6;NR-19;I4
119291-4;NR-19;I4
119292-2;NR-19;I4
119293-0;NR-19;I4
119294-9;NR-19;I4
119295-7;NR-19;I4
119296-5;NR-19;I4
119297-3;NR-19;I4
119298-1;NR-19;I4
119299-0;NR-19;I4
119300-7;NR-19;I3
119301-5;NR-19;I4
119302-3;NR-19;I4
119303-1;NR-19;I3
119304-0;NR-19;I4
119305-8;NR-19;I4
119306-6;NR-19;I4
119307-4;NR-19;I4
119308-2;NR-19;I2
119309-0;NR-19;I3
119310-4;NR-19;I3
119311-2;NR-19;I3
119312-0;NR-19;I2
119313-9;NR-19;I2
119314-7;NR-19;I3
119315-5;NR-19;I3
119316-3;NR-19;I3
119317-1;NR-19;I3
119319-8;NR-19;I1
119320-1;NR-19;I4
119321-0;NR-19;I2
119322-8;NR-19;I2
119323-6;NR-19;I2
119324-4;NR-19;I4
119325-2;NR-19;I3
119326-0;NR-19;I3
119327-9;NR-19;I4
119328-7;NR-19;I4
119329-5;NR-19;I4
119330-9;NR-19;I4
119331-7;NR-19;I4
119332-5;NR-19;I4
119333-3;NR-19;I3
119334-1;NR-19;I3
119335-0;NR-19;I3
119336-8;NR-19;I4
119337-6;NR-19;I4
119338-4;NR-19;I4
119339-2;NR-19;I4
119340-6;NR-19;I3
119341-4;NR-19;I4
119342-2;NR-19;I3
119343-0;NR-19;I3
119344-9;NR-19;I4
119345-7;NR-19;I4
119346-5;NR-19;I4
119347-3;NR-19;I4
119348-1;NR-19;I3
119349-0;NR-19;I4
119350-3;NR-19;I4
119351-1;NR-19;I2
119352-0;NR-19;I2
119353-8;NR-19;I4
119354-6;NR-19;I4
119355-4;NR-19;I3
119356-2;NR-19;I3
119357-0;NR-19;I3
119358-9;NR-19;I3
119359-7;NR-19;I3
119360-0;NR-19;I3
119361-9;NR-19;I4
119362-7;NR-19;I4
119363-5;NR-19;I4
119364-3;NR-19;I4
119365-1;NR-19;I4
119366-0;NR-19;I4
119367-8;NR-19;I4
119368-6;NR-19;I4
119369-4;NR-19;I3
119370-8;NR-19;I4
119371-6;NR-19;I4
119372-4;NR-19;I4
119373-2;NR-19;I4
119374-0;NR-19;I4
119375-9;NR-19;I4
119376-7;NR-19;I4
121004-1;NR-21;I2
121032-7;NR-21;I3
121033-5;NR-21;I3
121034-3;NR-21;I3
121035-1;NR-21;I2
121037-8;NR-21;I3
121038-6;NR-21;I2
121042-4;NR-21;I3
121046-7;NR-21;I3
121047-5;NR-21;I2
123103-0;NR-23;I4
123104-9;NR-23;I3
123105-7;NR-23;I4
123106-5;NR-23;I4
123107-3;NR-23;I4
124250-4;NR-24;I2
124251-2;NR-24;I2
124252-0;NR-24;I2
124253-9;NR-24;I2
124254-7;NR-24;I2
124255-5;NR-24;I2
124256-3;NR-24;I2
124257-1;NR-24;I2
124258-0;NR-24;I2
124259-8;NR-24;I2
124260-1;NR-24;I2
124261-0;NR-24;I2
124262-8;NR-24;I2
124263-6;NR-24;I2
124264-4;NR-24;I2
124265-2;NR-24;I2
124266-0;NR-24;I2
124267-9;NR-24;I2
124268-7;NR-24;I2
124269-5;NR-24;I2
124270-9;NR-24;I2
124271-7;NR-24;I2
124272-5;NR-24;I2
124273-3;NR-24;I2
124274-1;NR-24;I2
124275-0;NR-24;I2
124276-8;NR-24;I2
124277-6;NR-24;I2
124278-4;NR-24;I2
124279-2;NR-24;I2
124280-6;NR-24;I2
124281-4;NR-24;I2
124282-2;NR-24;I2
124283-0;NR-24;I2
124284-9;NR-24;I2
124285-7;NR-24;I2
124286-5;NR-24;I2
124287-3;NR-24;I2
124288-1;NR-24;I2
124289-0;NR-24;I2
124290-3;NR-24;I2
124291-1;NR-24;I2
124292-0;NR-24;I2
124293-8;NR-24;I2
124294-6;NR-24;I2
124295-4;NR-24;I2
124296-2;NR-24;I2
124297-0;NR-24;I2
124298-9;NR-24;I2
124299-7;NR-24;I2
124300-4;NR-24;I2
124301-2;NR-24;I2
124302-0;NR-24;I2
124303-9;NR-24;I2
124304-7;NR-24;I2
124305-5;NR-24;I2
125019-1;NR-25;I3
125020-5;NR-25;I4
125021-3;NR-25;I3
125022-1;NR-25;I3
125023-0;NR-25;I4
125024-8;NR-25;I4
125025-6;NR-25;I4
125026-4;NR-25;I3
126056-1;NR-26;I2
126057-0;NR-26;I2
126058-8;NR-26;I3
126059-6;NR-26;I2
126060-0;NR-26;I4
126061-8;NR-26;I2
126062-6;NR-26;I3
130778-9;NR-30;I3
130779-7;NR-30;I3
130780-0;NR-30;I3
130781-9;NR-30;I3
130782-7;NR-30;I1
130783-5;NR-30;I3
130784-3;NR-30;I2
130785-1;NR-30;I2
130786-0;NR-30;I3
130787-8;NR-30;I2
130788-6;NR-30;I2
130789-4;NR-30;I4
130790-8;NR-30;I3
130791-6;NR-30;I3
130792-4;NR-30;I2
130793-2;NR-30;I1
130794-0;NR-30;I2
130795-9;NR-30;I1
130796-7;NR-30;I2
130797-5;NR-30;I2
130798-3;NR-30;I3
130799-1;NR-30;I3
130800-9;NR-30;I2
130801-7;NR-30;I2
130802-5;NR-30;I2
130803-3;NR-30;I4
130804-1;NR-30;I2
130805-0;NR-30;I2
130806-8;NR-30;I3
130807-6;NR-30;I4
130808-4;NR-30;I2
130809-2;NR-30;I2
130810-6;NR-30;I2
130811-4;NR-30;I2
130812-2;NR-30;I3
130813-0;NR-30;I3
130814-9;NR-30;I3
130815-7;NR-30;I3
130816-5;NR-30;I3
130817-3;NR-30;I3
130818-1;NR-30;I3
130819-0;NR-30;I3
130820-3;NR-30;I3
130821-1;NR-30;I3
130822-0;NR-30;I3
130823-8;NR-30;I3
130824-6;NR-30;I3
130825-4;NR-30;I3
130826-2;NR-30;I3
130827-0;NR-30;I3
130828-9;NR-30;I3
130829-7;NR-30;I3
130830-0;NR-30;I3
130831-9;NR-30;I3
130832-7;NR-30;I3
130833-5;NR-30;I3
130834-3;NR-30;I3
130835-1;NR-30;I3
130836-0;NR-30;I3
130837-8;NR-30;I3
130838-6;NR-30;I3
130839-4;NR-30;I3
130840-8;NR-30;I3
130841-6;NR-30;I3
130842-4;NR-30;I3
130843-2;NR-30;I3
130844-0;NR-30;I3
130845-9;NR-30;I3
130846-7;NR-30;I3
130847-5;NR-30;I3
130848-3;NR-30;I3
130849-1;NR-30;I3
130850-5;NR-30;I2
130851-3;NR-30;I3
130852-1;NR-30;I3
130853-0;NR-30;I3
130854-8;NR-30;I3
130855-6;NR-30;I3
130856-4;NR-30;I3
130857-2;NR-30;I2
130858-0;NR-30;I2
130859-9;NR-30;I2
130860-2;NR-30;I3
130861-0;NR-30;I3
130862-9;NR-30;I1
130863-7;NR-30;I2
130864-5;NR-30;I1
130865-3;NR-30;I2
130866-1;NR-30;I2
130867-0;NR-30;I3
130868-8;NR-30;I1
130869-6;NR-30;I1
130870-0;NR-30;I2
130871-8;NR-30;I2
130872-6;NR-30;I2
130873-4;NR-30;I3
130874-2;NR-30;I2
130875-0;NR-30;I2
130876-9;NR-30;I3
130877-7;NR-30;I3
130878-5;NR-30;I4
130879-3;NR-30;I3
130880-7;NR-30;I3
130881-5;NR-30;I3
130882-3;NR-30;I3
130883-1;NR-30;I3
130884-0;NR-30;I3
130885-8;NR-30;I3
130886-6;NR-30;I3
130887-4;NR-30;I3
130888-2;NR-30;I3
130889-0;NR-30;I3
130890-4;NR-30;I3
130891-2;NR-30;I2
130892-0;NR-30;I1
130893-9;NR-30;I3
130894-7;NR-30;I3
130895-5;NR-30;I3
130896-3;NR-30;I3
130897-1;NR-30;I2
130898-0;NR-30;I3
130899-8;NR-30;I4
130900-5;NR-30;I3
130901-3;NR-30;I2
130902-1;NR-30;I3
130903-0;NR-30;I3
130904-8;NR-30;I3
130905-6;NR-30;I3
130906-4;NR-30;I3
130907-2;NR-30;I3
130908-0;NR-30;I3
130909-9;NR-30;I3
130910-2;NR-30;I3
130911-0;NR-30;I3
130912-9;NR-30;I3
130913-7;NR-30;I3
130914-5;NR-30;I3
130915-3;NR-30;I3
130916-1;NR-30;I3
130917-0;NR-30;I3
130918-8;NR-30;I3
130919-6;NR-30;I3
130920-0;NR-30;I3
130921-8;NR-30;I3
130922-6;NR-30;I3
130923-4;NR-30;I3
130924-2;NR-30;I2
130925-0;NR-30;I2
130926-9;NR-30;I3
130927-7;NR-30;I3
130928-5;NR-30;I3
130929-3;NR-30;I3
130930-7;NR-30;I3
130931-5;NR-30;I3
130932-3;NR-30;I2
130933-1;NR-30;I3
130934-0;NR-30;I3
130935-8;NR-30;I3
130936-6;NR-30;I3
130937-4;NR-30;I3
130938-2;NR-30;I3
130939-0;NR-30;I3
130940-4;NR-30;I4
130941-2;NR-30;I3
130942-0;NR-30;I2
130943-9;NR-30;I3
130944-7;NR-30;I3
130945-5;NR-30;I3
130946-3;NR-30;I3
130947-1;NR-30;I3
130948-0;NR-30;I3
130949-8;NR-30;I3
130950-1;NR-30;I3
130951-0;NR-30;I2
130952-8;NR-30;I2
130953-6;NR-30;I2
130954-4;NR-30;I2
130955-2;NR-30;I2
130956-0;NR-30;I2
130957-9;NR-30;I2
130958-7;NR-30;I2
130959-5;NR-30;I2
130960-9;NR-30;I2
130961-7;NR-30;I2
130962-5;NR-30;I1
130963-3;NR-30;I2
130964-1;NR-30;I2
130965-0;NR-30;I2
130966-8;NR-30;I2
130967-6;NR-30;I2
130968-4;NR-30;I2
130969-2;NR-30;I2
130970-6;NR-30;I2
130971-4;NR-30;I1
130972-2;NR-30;I3
130973-0;NR-30;I3
130974-9;NR-30;I3
130975-7;NR-30;I3
130976-5;NR-30;I2
130977-3;NR-30;I3
130978-1;NR-30;I3
132033-5;NR-32;I4
132036-0;NR-32;I3
132039-4;NR-32;I3
132040-8;NR-32;I4
132041-6;NR-32;I4
132044-0;NR-32;I4
132051-3;NR-32;I4
132071-8;NR-32;I4
132080-7;NR-32;I3
132081-5;NR-32;I3
132083-1;NR-32;I3
132090-4;NR-32;I3
132103-0;NR-32;I3
132104-8;NR-32;I4
132105-6;NR-32;I4
132106-4;NR-32;I4
132121-8;NR-32;I4
132131-5;NR-32;I3
132133-1;NR-32;I4
132146-3;NR-32;I3
132147-1;NR-32;I4
132162-5;NR-32;I3
132163-3;NR-32;I3
132164-1;NR-32;I4
132165-0;NR-32;I4
132166-8;NR-32;I3
132167-6;NR-32;I4
132185-4;NR-32;I4
132211-7;NR-32;I3
132219-2;NR-32;I3
132220-6;NR-32;I4
132300-8;NR-32;I3
132301-6;NR-32;I3
132317-2;NR-32;I4
132339-3;NR-32;I3
132350-4;NR-32;I3
132351-2;NR-32;I3
132352-0;NR-32;I3
132359-8;NR-32;I3
132360-1;NR-32;I3
132361-0;NR-32;I4
132362-8;NR-32;I3
132363-6;NR-32;I2
132364-4;NR-32;I3
132365-2;NR-32;I3
132366-0;NR-32;I3
132367-9;NR-32;I3
132370-9;NR-32;I2
132371-7;NR-32;I4
132374-1;NR-32;I3
132382-2;NR-32;I3
132394-6;NR-32;I2
132395-4;NR-32;I2
132398-9;NR-32;I4
132399-7;NR-32;I4
132405-5;NR-32;I3
132406-3;NR-32;I2
132407-1;NR-32;I3
132408-0;NR-32;I3
132412-8;NR-32;I2
132423-3;NR-32;I3
132436-5;NR-32;I4
132437-3;NR-32;I3
132489-6;NR-32;I3
132491-8;NR-32;I4
132492-6;NR-32;I4
132493-4;NR-32;I3
132494-2;NR-32;I2
132495-0;NR-32;I4
132497-7;NR-32;I3
132498-5;NR-32;I2
132499-3;NR-32;I2
132500-0;NR-32;I2
132501-9;NR-32;I2
132502-7;NR-32;I2
132503-5;NR-32;I2
132504-3;NR-32;I2
132505-1;NR-32;I2
132506-0;NR-32;I2
132507-8;NR-32;I2
132508-6;NR-32;I2
132509-4;NR-32;I3
132510-8;NR-32;I3
132511-6;NR-32;I2
132512-4;NR-32;I3
132513-2;NR-32;I3
132514-0;NR-32;I3
132515-9;NR-32;I3
132516-7;NR-32;I3
132517-5;NR-32;I3
132518-3;NR-32;I3
132519-1;NR-32;I3
132520-5;NR-32;I3
132521-3;NR-32;I3
132522-1;NR-32;I3
132523-0;NR-32;I3
132524-8;NR-32;I3
132525-6;NR-32;I3
132526-4;NR-32;I4
132527-2;NR-32;I4
132528-0;NR-32;I4
132529-9;NR-32;I3
132530-2;NR-32;I3
132531-0;NR-32;I3
132532-9;NR-32;I3
132533-7;NR-32;I4
132534-5;NR-32;I3
132535-3;NR-32;I3
132536-1;NR-32;I2
132537-0;NR-32;I3
132538-8;NR-32;I3
132539-6;NR-32;I2
132540-0;NR-32;I2
132541-8;NR-32;I2
132542-6;NR-32;I2
132543-4;NR-32;I4
132544-2;NR-32;I4
132545-0;NR-32;I4
132546-9;NR-32;I3
132547-7;NR-32;I3
132548-5;NR-32;I2
132549-3;NR-32;I2
132550-7;NR-32;I3
132551-5;NR-32;I3
132552-3;NR-32;I3
132553-1;NR-32;I3
132554-0;NR-32;I3
132555-8;NR-32;I3
132556-6;NR-32;I3
132557-4;NR-32;I3
132558-2;NR-32;I3
132559-0;NR-32;I3
132560-4;NR-32;I4
132561-2;NR-32;I3
132562-0;NR-32;I3
132563-9;NR-32;I3
132564-7;NR-32;I4
132565-5;NR-32;I4
132566-3;NR-32;I4
132567-1;NR-32;I4
132568-0;NR-32;I4
132569-8;NR-32;I4
132570-1;NR-32;I4
132571-0;NR-32;I4
132572-8;NR-32;I4
132573-6;NR-32;I4
132574-4;NR-32;I4
132575-2;NR-32;I3
132576-0;NR-32;I2
132577-9;NR-32;I3
132578-7;NR-32;I3
132579-5;NR-32;I3
132580-9;NR-32;I3
132581-7;NR-32;I3
132582-5;NR-32;I3
132583-3;NR-32;I3
132584-1;NR-32;I3
132585-0;NR-32;I3
132586-8;NR-32;I3
132587-6;NR-32;I3
132588-4;NR-32;I2
132589-2;NR-32;I3
132590-6;NR-32;I3
132591-4;NR-32;I3
132592-2;NR-32;I4
132593-0;NR-32;I3
132594-9;NR-32;I2
132595-7;NR-32;I3
132596-5;NR-32;I3
132597-3;NR-32;I4
132598-1;NR-32;I4
132599-0;NR-32;I4
132600-7;NR-32;I3
132601-5;NR-32;I3
132602-3;NR-32;I3
132603-1;NR-32;I3
132604-0;NR-32;I3
132605-8;NR-32;I3
132606-6;NR-32;I3
132607-4;NR-32;I2
132608-2;NR-32;I3
132609-0;NR-32;I3
132610-4;NR-32;I2
132611-2;NR-32;I4
132612-0;NR-32;I3
132613-9;NR-32;I3
132614-7;NR-32;I4
132615-5;NR-32;I4
132616-3;NR-32;I4
132617-1;NR-32;I3
132618-0;NR-32;I4
132619-8;NR-32;I4
132620-1;NR-32;I4
132621-0;NR-32;I4
132622-8;NR-32;I4
132623-6;NR-32;I4
132624-4;NR-32;I3
132625-2;NR-32;I3
132626-0;NR-32;I2
132627-9;NR-32;I2
132628-7;NR-32;I3
132629-5;NR-32;I3
132630-9;NR-32;I2
132631-7;NR-32;I4
132632-5;NR-32;I4
132633-3;NR-32;I3
132634-1;NR-32;I3
132635-0;NR-32;I3
132636-8;NR-32;I3
132637-6;NR-32;I3
132638-4;NR-32;I3
132639-2;NR-32;I3
132640-6;NR-32;I4
132641-4;NR-32;I3
132642-2;NR-32;I3
132643-0;NR-32;I3
132644-9;NR-32;I3
132645-7;NR-32;I4
132646-5;NR-32;I3
132647-3;NR-32;I3
132648-1;NR-32;I3
132649-0;NR-32;I3
132650-3;NR-32;I4
132651-1;NR-32;I4
132652-0;NR-32;I4
132653-8;NR-32;I4
132654-6;NR-32;I4
132655-4;NR-32;I4
132656-2;NR-32;I4
132657-0;NR-32;I4
132658-9;NR-32;I4
132659-7;NR-32;I4
132660-0;NR-32;I4
132661-9;NR-32;I4
132662-7;NR-32;I4
132663-5;NR-32;I4
132664-3;NR-32;I4
132665-1;NR-32;I4
132666-0;NR-32;I4
132667-8;NR-32;I4
132668-6;NR-32;I4
132669-4;NR-32;I3
132670-8;NR-32;I4
132671-6;NR-32;I4
132672-4;NR-32;I3
132673-2;NR-32;I4
132674-0;NR-32;I4
132675-9;NR-32;I4
132676-7;NR-32;I2
132677-5;NR-32;I3
132678-3;NR-32;I3
132679-1;NR-32;I3
132680-5;NR-32;I3
132681-3;NR-32;I4
132682-1;NR-32;I4
132683-0;NR-32;I3
132684-8;NR-32;I3
132685-6;NR-32;I4
132686-4;NR-32;I3
132687-2;NR-32;I3
132688-0;NR-32;I3
132689-9;NR-32;I4
132690-2;NR-32;I4
132691-0;NR-32;I4
132692-9;NR-32;I4
132693-7;NR-32;I4
132694-5;NR-32;I4
132695-3;NR-32;I4
132696-1;NR-32;I2
132697-0;NR-32;I2
132698-8;NR-32;I3
132699-6;NR-32;I2
132700-3;NR-32;I3
132701-1;NR-32;I3
132702-0;NR-32;I2
132703-8;NR-32;I3
132704-6;NR-32;I3
132705-4;NR-32;I2
132706-2;NR-32;I4
132707-0;NR-32;I4
132708-9;NR-32;I2
132709-7;NR-32;I2
132710-0;NR-32;I2
132711-9;NR-32;I2
132712-7;NR-32;I2
132713-5;NR-32;I2
132714-3;NR-32;I2
132715-1;NR-32;I2
132716-0;NR-32;I2
132717-8;NR-32;I2
132718-6;NR-32;I3
132719-4;NR-32;I2
132720-8;NR-32;I3
132721-6;NR-32;I4
132722-4;NR-32;I4
132723-2;NR-32;I3
132724-0;NR-32;I2
132725-9;NR-32;I2
132726-7;NR-32;I2
132727-5;NR-32;I3
132728-3;NR-32;I4
132729-1;NR-32;I2
132730-5;NR-32;I2
132731-3;NR-32;I3
132732-1;NR-32;I3
132733-0;NR-32;I3
132734-8;NR-32;I3
132735-6;NR-32;I3
132736-4;NR-32;I4
132737-2;NR-32;I4
132738-0;NR-32;I3
132739-9;NR-32;I2
132740-2;NR-32;I3
132741-0;NR-32;I3
132742-9;NR-32;I3
132743-7;NR-32;I3
132744-5;NR-32;I4
132745-3;NR-32;I4
132746-1;NR-32;I4
132747-0;NR-32;I2
132748-8;NR-32;I3
132749-6;NR-32;I3
132750-0;NR-32;I3
132751-8;NR-32;I3
132752-6;NR-32;I2
132753-4;NR-32;I3
132754-2;NR-32;I3
132755-0;NR-32;I3
132756-9;NR-32;I3
133098-5;NR-33;I3
133099-3;NR-33;I3
133100-0;NR-33;I3
133101-9;NR-33;I3
133102-7;NR-33;I3
133103-5;NR-33;I3
133104-3;NR-33;I3
133105-1;NR-33;I3
133106-0;NR-33;I3
133107-8;NR-33;I4
133108-6;NR-33;I3
133109-4;NR-33;I3
133110-8;NR-33;I3
133111-6;NR-33;I4
133112-4;NR-33;I2
133113-2;NR-33;I4
133114-0;NR-33;I3
133115-9;NR-33;I3
133116-7;NR-33;I3
133117-5;NR-33;I4
133118-3;NR-33;I4
133119-1;NR-33;I4
133120-5;NR-33;I3
133121-3;NR-33;I4
133122-1;NR-33;I4
133123-0;NR-33;I4
133124-8;NR-33;I4
133125-6;NR-33;I4
133126-4;NR-33;I4
133127-2;NR-33;I4
133128-0;NR-33;I4
133129-9;NR-33;I4
133130-2;NR-33;I4
133131-0;NR-33;I3
133132-9;NR-33;I3
133133-7;NR-33;I3
133134-5;NR-33;I3
133135-3;NR-33;I3
133136-1;NR-33;I3
133137-0;NR-33;I3
133138-8;NR-33;I3
133139-6;NR-33;I3
133140-0;NR-33;I3
133141-8;NR-33;I4
133142-6;NR-33;I3
133143-4;NR-33;I3
134002-6;NR-34;I3
134003-4;NR-34;I4
134004-2;NR-34;I4
134005-0;NR-34;I4
134006-9;NR-34;I4
134007-7;NR-34;I4
134008-5;NR-34;I4
134009-3;NR-34;I4
134013-1;NR-34;I4
134023-9;NR-34;I4
134033-6;NR-34;I4
134034-4;NR-34;I4
134038-7;NR-34;I4
134039-5;NR-34;I4
134042-5;NR-34;I4
134047-6;NR-34;I4
134048-4;NR-34;I4
134049-2;NR-34;I3
134050-6;NR-34;I4
134051-4;NR-34;I4
134052-2;NR-34;I4
134055-7;NR-34;I2
134056-5;NR-34;I4
134185-5;NR-34;I3
134186-3;NR-34;I3
134187-1;NR-34;I3
134198-7;NR-34;I4
134199-5;NR-34;I4
134200-2;NR-34;I2
134201-0;NR-34;I4
134202-9;NR-34;I3
134203-7;NR-34;I3
134206-1;NR-34;I2
134207-0;NR-34;I4
134214-2;NR-34;I3
134215-0;NR-34;I4
134216-9;NR-34;I4
134217-7;NR-34;I4
134218-5;NR-34;I4
134219-3;NR-34;I4
134225-8;NR-34;I4
134226-6;NR-34;I4
134227-4;NR-34;I4
134228-2;NR-34;I4
134229-0;NR-34;I3
134230-4;NR-34;I3
134231-2;NR-34;I4
134232-0;NR-34;I4
134233-9;NR-34;I3
134234-7;NR-34;I4
134241-0;NR-34;I4
134242-8;NR-34;I4
134249-5;NR-34;I4
134250-9;NR-34;I3
134251-7;NR-34;I4
134252-5;NR-34;I4
134253-3;NR-34;I4
134269-0;NR-34;I3
134270-3;NR-34;I3
134275-4;NR-34;I3
134280-0;NR-34;I4
134286-0;NR-34;I4
134287-8;NR-34;I4
134330-0;NR-34;I3
134331-9;NR-34;I4
134332-7;NR-34;I3
134333-5;NR-34;I3
134334-3;NR-34;I4
134335-1;NR-34;I4
134336-0;NR-34;I4
134337-8;NR-34;I3
134345-9;NR-34;I3
134346-7;NR-34;I3
134347-5;NR-34;I3
134348-3;NR-34;I4
134349-1;NR-34;I4
134350-5;NR-34;I4
134351-3;NR-34;I4
134352-1;NR-34;I2
134353-0;NR-34;I3
134354-8;NR-34;I4
134355-6;NR-34;I2
134356-4;NR-34;I2
134357-2;NR-34;I3
134358-0;NR-34;I4
134359-9;NR-34;I3
134361-0;NR-34;I2
134369-6;NR-34;I3
134370-0;NR-34;I3
134371-8;NR-34;I4
134372-6;NR-34;I4
134373-4;NR-34;I4
134374-2;NR-34;I3
134375-0;NR-34;I4
134376-9;NR-34;I3
134377-7;NR-34;I4
134407-2;NR-34;I3
134417-0;NR-34;I3
134418-8;NR-34;I3
134419-6;NR-34;I3
134420-0;NR-34;I3
134421-8;NR-34;I3
134430-7;NR-34;I4
134431-5;NR-34;I4
134447-1;NR-34;I4
134454-4;NR-34;I3
134458-7;NR-34;I3
134459-5;NR-34;I4
134460-9;NR-34;I4
134461-7;NR-34;I4
134462-5;NR-34;I3
134463-3;NR-34;I4
134464-1;NR-34;I3
134465-0;NR-34;I4
134466-8;NR-34;I4
134467-6;NR-34;I4
134468-4;NR-34;I4
134469-2;NR-34;I4
134470-6;NR-34;I4
134471-4;NR-34;I3
134472-2;NR-34;I3
134473-0;NR-34;I3
134474-9;NR-34;I3
134478-1;NR-34;I4
134481-1;NR-34;I3
134489-7;NR-34;I2
134492-7;NR-34;I3
134493-5;NR-34;I3
134494-3;NR-34;I3
134495-1;NR-34;I3
134496-0;NR-34;I2
134497-8;NR-34;I3
134516-8;NR-34;I4
134520-6;NR-34;I4
134521-4;NR-34;I4
134522-2;NR-34;I4
134523-0;NR-34;I3
134524-9;NR-34;I4
134525-7;NR-34;I3
134526-5;NR-34;I4
134527-3;NR-34;I4
134530-3;NR-34;I3
134536-2;NR-34;I4
134540-0;NR-34;I3
134541-9;NR-34;I3
134545-1;NR-34;I3
134549-4;NR-34;I4
134553-2;NR-34;I4
134554-0;NR-34;I3
134562-1;NR-34;I3
134567-2;NR-34;I4
134568-0;NR-34;I4
134569-9;NR-34;I4
134570-2;NR-34;I4
134571-0;NR-34;I4
134575-3;NR-34;I4
134576-1;NR-34;I4
134577-0;NR-34;I4
134578-8;NR-34;I4
134579-6;NR-34;I4
134580-0;NR-34;I4
134581-8;NR-34;I4
134582-6;NR-34;I4
134583-4;NR-34;I4
134584-2;NR-34;I4
134585-0;NR-34;I4
134586-9;NR-34;I3
134587-7;NR-34;I2
134588-5;NR-34;I4
134589-3;NR-34;I4
134590-7;NR-34;I4
134591-5;NR-34;I4
134592-3;NR-34;I4
134593-1;NR-34;I4
134594-0;NR-34;I4
134595-8;NR-34;I3
134596-6;NR-34;I4
134597-4;NR-34;I4
134598-2;NR-34;I3
134599-0;NR-34;I4
134600-8;NR-34;I4
134601-6;NR-34;I4
134602-4;NR-34;I4
134603-2;NR-34;I4
134604-0;NR-34;I4
134605-9;NR-34;I3
134606-7;NR-34;I3
134607-5;NR-34;I3
134608-3;NR-34;I3
134609-1;NR-34;I3
134610-5;NR-34;I4
134613-0;NR-34;I4
134614-8;NR-34;I4
134615-6;NR-34;I4
134616-4;NR-34;I3
134617-2;NR-34;I2
134618-0;NR-34;I3
134619-9;NR-34;I4
134620-2;NR-34;I4
134621-0;NR-34;I3
134622-9;NR-34;I4
134623-7;NR-34;I4
134624-5;NR-34;I4
134625-3;NR-34;I4
134626-1;NR-34;I4
134627-0;NR-34;I4
134628-8;NR-34;I4
134629-6;NR-34;I4
134630-0;NR-34;I4
134631-8;NR-34;I4
134632-6;NR-34;I4
134633-4;NR-34;I4
134634-2;NR-34;I4
134635-0;NR-34;I2
134636-9;NR-34;I4
134637-7;NR-34;I3
134638-5;NR-34;I2
134639-3;NR-34;I4
134640-7;NR-34;I4
134641-5;NR-34;I2
134642-3;NR-34;I4
134660-1;NR-34;I4
134661-0;NR-34;I3
134662-8;NR-34;I3
134663-6;NR-34;I2
134664-4;NR-34;I2
134665-2;NR-34;I4
134666-0;NR-34;I3
134667-9;NR-34;I3
134668-7;NR-34;I4
134669-5;NR-34;I4
134670-9;NR-34;I4
134671-7;NR-34;I4
134672-5;NR-34;I2
134673-3;NR-34;I2
134674-1;NR-34;I2
134675-0;NR-34;I4
134676-8;NR-34;I4
134677-6;NR-34;I4
135164-8;NR-35;I3
135165-6;NR-35;I3
135166-4;NR-35;I3
135167-2;NR-35;I3
135168-0;NR-35;I3
135169-9;NR-35;I3
135170-2;NR-35;I3
135171-0;NR-35;I4
135172-9;NR-35;I3
135173-7;NR-35;I3
135174-5;NR-35;I4
135175-3;NR-35;I3
135176-1;NR-35;I2
135177-0;NR-35;I2
135178-8;NR-35;I3
135179-6;NR-35;I3
135180-0;NR-35;I2
135181-8;NR-35;I3
135182-6;NR-35;I2
135183-4;NR-35;I2
135184-2;NR-35;I2
135185-0;NR-35;I3
135186-9;NR-35;I3
135187-7;NR-35;I3
135188-5;NR-35;I3
135189-3;NR-35;I3
135190-7;NR-35;I3
135191-5;NR-35;I3
135192-3;NR-35;I3
135193-1;NR-35;I3
135194-0;NR-35;I3
135195-8;NR-35;I3
135196-6;NR-35;I3
135197-4;NR-35;I3
135198-2;NR-35;I3
135199-0;NR-35;I3
135200-8;NR-35;I3
135201-6;NR-35;I3
135202-4;NR-35;I2
135203-2;NR-35;I3
135204-0;NR-35;I3
135205-9;NR-35;I3
135206-7;NR-35;I3
135207-5;NR-35;I3
135208-3;NR-35;I4
135209-1;NR-35;I3
135210-5;NR-35;I3
135211-3;NR-35;I3
135212-1;NR-35;I4
135213-0;NR-35;I3
135214-8;NR-35;I3
135215-6;NR-35;I3
135216-4;NR-35;I3
135217-2;NR-35;I3
135218-0;NR-35;I4
135219-9;NR-35;I3
135220-2;NR-35;I2
135221-0;NR-35;I3
135222-9;NR-35;I4
135223-7;NR-35;I4
135224-5;NR-35;I4
135225-3;NR-35;I4
135226-1;NR-35;I4
135227-0;NR-35;I4
135228-8;NR-35;I4
135229-6;NR-35;I4
135230-0;NR-35;I4
135231-8;NR-35;I3
135232-6;NR-35;I3
135233-4;NR-35;I4
135234-2;NR-35;I4
135235-0;NR-35;I3
135236-9;NR-35;I3
135237-7;NR-35;I4
135238-5;NR-35;I3
135239-3;NR-35;I3
135240-7;NR-35;I3
135241-5;NR-35;I4
135242-3;NR-35;I4
135243-1;NR-35;I4
135244-0;NR-35;I4
135245-8;NR-35;I4
135246-6;NR-35;I4
135247-4;NR-35;I4
135248-2;NR-35;I3
135249-0;NR-35;I3
135250-4;NR-35;I3
135251-2;NR-35;I2
135252-0;NR-35;I3
135253-9;NR-35;I4
135254-7;NR-35;I4
135255-5;NR-35;I3
135256-3;NR-35;I3
135257-1;NR-35;I3
135258-0;NR-35;I4
135259-8;NR-35;I4
135260-1;NR-35;I4
135261-0;NR-35;I4
135262-8;NR-35;I4
135263-6;NR-35;I4
135264-4;NR-35;I4
135265-2;NR-35;I4
135266-0;NR-35;I4
135267-9;NR-35;I4
135268-7;NR-35;I3
135269-5;NR-35;I3
135270-9;NR-35;I3
135271-7;NR-35;I3
135272-5;NR-35;I3
135273-3;NR-35;I3
135274-1;NR-35;I2
135275-0;NR-35;I3
135276-8;NR-35;I3
135277-6;NR-35;I3
135278-4;NR-35;I3
136241-0;NR-36;I4
136242-9;NR-36;I4
136248-8;NR-36;I3
136263-1;NR-36;I4
136278-0;NR-36;I4
136297-6;NR-36;I3
136304-2;NR-36;I3
136305-0;NR-36;I3
136306-9;NR-36;I3
136307-7;NR-36;I3
136308-5;NR-36;I3
136316-6;NR-36;I3
136367-0;NR-36;I4
136372-7;NR-36;I4
136373-5;NR-36;I4
136375-1;NR-36;I4
136376-0;NR-36;I4
136377-8;NR-36;I4
136378-6;NR-36;I2
136383-2;NR-36;I3
136384-0;NR-36;I2
136385-9;NR-36;I2
136386-7;NR-36;I2
136387-5;NR-36;I3
136388-3;NR-36;I2
136389-1;NR-36;I2
136390-5;NR-36;I2
136391-3;NR-36;I2
136392-1;NR-36;I3
136393-0;NR-36;I2
136394-8;NR-36;I2
136395-6;NR-36;I2
136396-4;NR-36;I2
136397-2;NR-36;I2
136398-0;NR-36;I2
136399-9;NR-36;I2
136400-6;NR-36;I2
136401-4;NR-36;I2
136402-2;NR-36;I2
136403-0;NR-36;I2
136404-9;NR-36;I2
136405-7;NR-36;I2
136406-5;NR-36;I2
136407-3;NR-36;I2
136408-1;NR-36;I2
136409-0;NR-36;I2
136410-3;NR-36;I2
136411-1;NR-36;I2
136412-0;NR-36;I4
136413-8;NR-36;I3
136414-6;NR-36;I2
136415-4;NR-36;I2
136416-2;NR-36;I3
136417-0;NR-36;I3
136418-9;NR-36;I3
136419-7;NR-36;I3
136420-0;NR-36;I3
136421-9;NR-36;I2
136422-7;NR-36;I2
136423-5;NR-36;I2
136424-3;NR-36;I2
136425-1;NR-36;I2
136426-0;NR-36;I2
136427-8;NR-36;I2
136428-6;NR-36;I3
136429-4;NR-36;I3
136430-8;NR-36;I3
136431-6;NR-36;I3
136432-4;NR-36;I3
136433-2;NR-36;I3
136434-0;NR-36;I3
136435-9;NR-36;I3
136436-7;NR-36;I3
136437-5;NR-36;I3
136438-3;NR-36;I3
136439-1;NR-36;I3
136440-5;NR-36;I3
136441-3;NR-36;I3
136442-1;NR-36;I3
136443-0;NR-36;I3
136444-8;NR-36;I3
136445-6;NR-36;I2
136446-4;NR-36;I2
136447-2;NR-36;I2
136448-0;NR-36;I3
136449-9;NR-36;I3
136450-2;NR-36;I3
136451-0;NR-36;I3
136452-9;NR-36;I2
136453-7;NR-36;I2
136454-5;NR-36;I3
136455-3;NR-36;I3
136456-1;NR-36;I2
136457-0;NR-36;I2
136458-8;NR-36;I2
136459-6;NR-36;I2
136460-0;NR-36;I2
136461-8;NR-36;I3
136462-6;NR-36;I3
136463-4;NR-36;I4
136464-2;NR-36;I3
136465-0;NR-36;I3
136466-9;NR-36;I3
136467-7;NR-36;I3
136468-5;NR-36;I3
136469-3;NR-36;I4
136470-7;NR-36;I3
136471-5;NR-36;I3
136472-3;NR-36;I3
136473-1;NR-36;I4
136474-0;NR-36;I4
136475-8;NR-36;I3
136476-6;NR-36;I4
136477-4;NR-36;I3
136478-2;NR-36;I3
136479-0;NR-36;I3
136480-4;NR-36;I4
136481-2;NR-36;I3
136482-0;NR-36;I2
136483-9;NR-36;I2
136484-7;NR-36;I2
136485-5;NR-36;I2
136486-3;NR-36;I2
136487-1;NR-36;I3
136488-0;NR-36;I3
136489-8;NR-36;I3
136490-1;NR-36;I3
136491-0;NR-36;I2
136492-8;NR-36;I2
136493-6;NR-36;I2
136494-4;NR-36;I2
136495-2;NR-36;I2
136496-0;NR-36;I2
136497-9;NR-36;I3
136498-7;NR-36;I3
136499-5;NR-36;I3
136500-2;NR-36;I3
136501-0;NR-36;I3
136502-9;NR-36;I3
136503-7;NR-36;I3
136504-5;NR-36;I3
136505-3;NR-36;I3
136506-1;NR-36;I3
136507-0;NR-36;I3
136508-8;NR-36;I3
136509-6;NR-36;I3
136510-0;NR-36;I4
136511-8;NR-36;I4
136512-6;NR-36;I3
136513-4;NR-36;I4
136514-2;NR-36;I4
136515-0;NR-36;I4
136516-9;NR-36;I4
136517-7;NR-36;I4
136518-5;NR-36;I3
136519-3;NR-36;I4
136520-7;NR-36;I4
136521-5;NR-36;I4
136522-3;NR-36;I3
136523-1;NR-36;I3
136524-0;NR-36;I3
136525-8;NR-36;I3
136526-6;NR-36;I3
136527-4;NR-36;I3
136528-2;NR-36;I3
136529-0;NR-36;I3
136530-4;NR-36;I3
136531-2;NR-36;I4
136532-0;NR-36;I4
136533-9;NR-36;I3
136534-7;NR-36;I3
136535-5;NR-36;I3
136536-3;NR-36;I3
136537-1;NR-36;I3
136538-0;NR-36;I3
136539-8;NR-36;I3
136540-1;NR-36;I3
136541-0;NR-36;I3
136542-8;NR-36;I3
136543-6;NR-36;I3
136544-4;NR-36;I2
136545-2;NR-36;I2
136546-0;NR-36;I2
136547-9;NR-36;I2
136548-7;NR-36;I3
136549-5;NR-36;I3
136550-9;NR-36;I3
136551-7;NR-36;I3
136552-5;NR-36;I3
136553-3;NR-36;I3
136554-1;NR-36;I3
136555-0;NR-36;I3
136556-8;NR-36;I3
136557-6;NR-36;I2
136558-4;NR-36;I2
136559-2;NR-36;I3
136560-6;NR-36;I3
136561-4;NR-36;I3
136562-2;NR-36;I3
136563-0;NR-36;I3
136564-9;NR-36;I3
136565-7;NR-36;I2
136566-5;NR-36;I2
136567-3;NR-36;I2
136568-1;NR-36;I2
136569-0;NR-36;I3
136570-3;NR-36;I3
136571-1;NR-36;I3
136572-0;NR-36;I3
136573-8;NR-36;I3
136574-6;NR-36;I2
136575-4;NR-36;I2
136576-2;NR-36;I2
136577-0;NR-36;I3
136578-9;NR-36;I3
136579-7;NR-36;I3
136580-0;NR-36;I3
136581-9;NR-36;I3
136582-7;NR-36;I3
136583-5;NR-36;I3
136584-3;NR-36;I2
136585-1;NR-36;I2
136586-0;NR-36;I2
136587-8;NR-36;I2
136588-6;NR-36;I3
136589-4;NR-36;I2
136590-8;NR-36;I2
136591-6;NR-36;I2
136592-4;NR-36;I2
136593-2;NR-36;I2
136594-0;NR-36;I2
136595-9;NR-36;I3
136596-7;NR-36;I2
136597-5;NR-36;I2
136598-3;NR-36;I4
136599-1;NR-36;I3
136600-9;NR-36;I3
136601-7;NR-36;I3
136602-5;NR-36;I3
136603-3;NR-36;I2
136604-1;NR-36;I3
136605-0;NR-36;I3
136606-8;NR-36;I4
136607-6;NR-36;I3
136608-4;NR-36;I3
136609-2;NR-36;I3
136610-6;NR-36;I2
136611-4;NR-36;I2
136612-2;NR-36;I3
136613-0;NR-36;I3
136614-9;NR-36;I3
136615-7;NR-36;I3
136616-5;NR-36;I3
136617-3;NR-36;I3
136618-1;NR-36;I3
136619-0;NR-36;I3
136620-3;NR-36;I3
136621-1;NR-36;I3
136622-0;NR-36;I3
136623-8;NR-36;I3
136624-6;NR-36;I3
136625-4;NR-36;I3
136626-2;NR-36;I3
136627-0;NR-36;I3
136628-9;NR-36;I3
136629-7;NR-36;I3
136630-0;NR-36;I3
136631-9;NR-36;I3
136632-7;NR-36;I3
136633-5;NR-36;I3
136634-3;NR-36;I2
136635-1;NR-36;I2
136636-0;NR-36;I2
136637-8;NR-36;I2
136638-6;NR-36;I3
136639-4;NR-36;I3
136640-8;NR-36;I3
136641-6;NR-36;I3
136642-4;NR-36;I3
136643-2;NR-36;I3
136644-0;NR-36;I3
136645-9;NR-36;I2
136646-7;NR-36;I2
136647-5;NR-36;I2
136648-3;NR-36;I2
136649-1;NR-36;I2
136650-5;NR-36;I2
136651-3;NR-36;I3
136652-1;NR-36;I3
136653-0;NR-36;I3
136654-8;NR-36;I3
136655-6;NR-36;I3
136656-4;NR-36;I3
136657-2;NR-36;I3
136658-0;NR-36;I3
136659-9;NR-36;I3
136660-2;NR-36;I3
136661-0;NR-36;I2
136662-9;NR-36;I4
136663-7;NR-36;I3
136664-5;NR-36;I3
136665-3;NR-36;I3
136666-1;NR-36;I3
136667-0;NR-36;I3
136668-8;NR-36;I3
136669-6;NR-36;I3
136670-0;NR-36;I2
136671-8;NR-36;I3
136672-6;NR-36;I4
136673-4;NR-36;I4
136674-2;NR-36;I4
136675-0;NR-36;I4
136676-9;NR-36;I4
136677-7;NR-36;I4
136678-5;NR-36;I4
136679-3;NR-36;I4
136680-7;NR-36;I4
136681-5;NR-36;I4
136682-3;NR-36;I4
136683-1;NR-36;I4
136684-0;NR-36;I4
136685-8;NR-36;I3
136686-6;NR-36;I3
136687-4;NR-36;I3
136688-2;NR-36;I3
136689-0;NR-36;I3
136690-4;NR-36;I3
136691-2;NR-36;I4
136692-0;NR-36;I4
136693-9;NR-36;I4
136694-7;NR-36;I4
136695-5;NR-36;I3
136696-3;NR-36;I3
136697-1;NR-36;I3
136698-0;NR-36;I3
136699-8;NR-36;I3
136700-5;NR-36;I3
136701-3;NR-36;I3
136702-1;NR-36;I4
136703-0;NR-36;I4
136704-8;NR-36;I2
136705-6;NR-36;I4
136706-4;NR-36;I4
136707-2;NR-36;I4
136708-0;NR-36;I4
136709-9;NR-36;I4
136710-2;NR-36;I4
136711-0;NR-36;I3
136712-9;NR-36;I4
136713-7;NR-36;I3
136714-5;NR-36;I3
136715-3;NR-36;I3
136716-1;NR-36;I3
136717-0;NR-36;I3
136718-8;NR-36;I3
136719-6;NR-36;I1
136720-0;NR-36;I3
136721-8;NR-36;I3
136722-6;NR-36;I3
136723-4;NR-36;I3
136724-2;NR-36;I4
136725-0;NR-36;I4
136726-9;NR-36;I3
136727-7;NR-36;I2
136728-5;NR-36;I4
136729-3;NR-36;I3
136730-7;NR-36;I3
136731-5;NR-36;I3
136732-3;NR-36;I3
136733-1;NR-36;I3
136734-0;NR-36;I3
136735-8;NR-36;I3
136736-6;NR-36;I3
137312-9;NR-37;I3
137313-7;NR-37;I2
137314-5;NR-37;I3
137315-3;NR-37;I3
137316-1;NR-37;I3
137317-0;NR-37;I3
137318-8;NR-37;I3
137319-6;NR-37;I4
137320-0;NR-37;I2
137321-8;NR-37;I3
137322-6;NR-37;I3
137323-4;NR-37;I3
137324-2;NR-37;I3
137325-0;NR-37;I2
137326-9;NR-37;I2
137327-7;NR-37;I2
137328-5;NR-37;I3
137329-3;NR-37;I2
137330-7;NR-37;I4
137331-5;NR-37;I2
137332-3;NR-37;I3
137333-1;NR-37;I3
137334-0;NR-37;I3
137335-8;NR-37;I3
137336-6;NR-37;I3
137337-4;NR-37;I3
137338-2;NR-37;I3
137339-0;NR-37;I3
137340-4;NR-37;I3
137341-2;NR-37;I3
137342-0;NR-37;I3
137343-9;NR-37;I3
137344-7;NR-37;I3
137345-5;NR-37;I3
137346-3;NR-37;I3
137347-1;NR-37;I3
137348-0;NR-37;I3
137349-8;NR-37;I1
137350-1;NR-37;I3
137351-0;NR-37;I3
137352-8;NR-37;I3
137354-4;NR-37;I2
137355-2;NR-37;I2
137357-9;NR-37;I2
137358-7;NR-37;I2
137359-5;NR-37;I2
137360-9;NR-37;I3
137361-7;NR-37;I2
137362-5;NR-37;I2
137363-3;NR-37;I2
137364-1;NR-37;I2
137365-0;NR-37;I3
137366-8;NR-37;I3
137367-6;NR-37;I2
137368-4;NR-37;I2
137369-2;NR-37;I3
137370-6;NR-37;I3
137371-4;NR-37;I3
137372-2;NR-37;I3
137373-0;NR-37;I3
137374-9;NR-37;I3
137375-7;NR-37;I3
137376-5;NR-37;I3
137377-3;NR-37;I3
137378-1;NR-37;I3
137379-0;NR-37;I2
137380-3;NR-37;I2
137381-1;NR-37;I2
137382-0;NR-37;I3
137383-8;NR-37;I3
137384-6;NR-37;I3
137385-4;NR-37;I3
137386-2;NR-37;I3
137387-0;NR-37;I3
137388-9;NR-37;I3
137389-7;NR-37;I3
137390-0;NR-37;I2
137391-9;NR-37;I3
137392-7;NR-37;I3
137393-5;NR-37;I3
137394-3;NR-37;I3
137395-1;NR-37;I3
137396-0;NR-37;I1
137397-8;NR-37;I2
137398-6;NR-37;I3
137399-4;NR-37;I2
137400-1;NR-37;I3
137401-0;NR-37;I3
137402-8;NR-37;I2
137403-6;NR-37;I2
137404-4;NR-37;I2
137405-2;NR-37;I2
137406-0;NR-37;I2
137407-9;NR-37;I2
137408-7;NR-37;I2
137409-5;NR-37;I2
137410-9;NR-37;I2
137411-7;NR-37;I3
137412-5;NR-37;I2
137413-3;NR-37;I3
137414-1;NR-37;I3
137415-0;NR-37;I2
137416-8;NR-37;I2
137417-6;NR-37;I2
137418-4;NR-37;I2
137419-2;NR-37;I2
137420-6;NR-37;I1
137421-4;NR-37;I2
137422-2;NR-37;I2
137423-0;NR-37;I3
137424-9;NR-37;I3
137425-7;NR-37;I3
137426-5;NR-37;I2
137427-3;NR-37;I2
137428-1;NR-37;I3
137429-0;NR-37;I2
137430-3;NR-37;I2
137431-1;NR-37;I2
137432-0;NR-37;I3
137433-8;NR-37;I3
137434-6;NR-37;I3
137435-4;NR-37;I3
137436-2;NR-37;I3
137437-0;NR-37;I3
137438-9;NR-37;I2
137439-7;NR-37;I3
137440-0;NR-37;I2
137441-9;NR-37;I3
137442-7;NR-37;I2
137443-5;NR-37;I3
137444-3;NR-37;I3
137445-1;NR-37;I4
137446-0;NR-37;I3
137447-8;NR-37;I3
137448-6;NR-37;I3
137449-4;NR-37;I3
137450-8;NR-37;I2
137451-6;NR-37;I3
137452-4;NR-37;I3
137453-2;NR-37;I2
137454-0;NR-37;I2
137455-9;NR-37;I2
137456-7;NR-37;I3
137457-5;NR-37;I2
137458-3;NR-37;I3
137459-1;NR-37;I3
137460-5;NR-37;I3
137461-3;NR-37;I3
137462-1;NR-37;I3
137463-0;NR-37;I3
137464-8;NR-37;I3
137465-6;NR-37;I3
137466-4;NR-37;I3
137467-2;NR-37;I3
137468-0;NR-37;I3
137469-9;NR-37;I3
137470-2;NR-37;I3
137471-0;NR-37;I3
137472-9;NR-37;I3
137473-7;NR-37;I3
137474-5;NR-37;I3
137475-3;NR-37;I3
137476-1;NR-37;I3
137477-0;NR-37;I3
137478-8;NR-37;I3
137479-6;NR-37;I3
137480-0;NR-37;I3
137481-8;NR-37;I3
137482-6;NR-37;I3
137483-4;NR-37;I3
137484-2;NR-37;I3
137485-0;NR-37;I3
137486-9;NR-37;I3
137487-7;NR-37;I3
137488-5;NR-37;I3
137489-3;NR-37;I3
137490-7;NR-37;I3
137491-5;NR-37;I3
137492-3;NR-37;I3
137493-1;NR-37;I3
137494-0;NR-37;I3
137495-8;NR-37;I3
137496-6;NR-37;I3
137497-4;NR-37;I3
137498-2;NR-37;I3
137499-0;NR-37;I3
137500-8;NR-37;I3
137501-6;NR-37;I3
137502-4;NR-37;I3
137503-2;NR-37;I3
137504-0;NR-37;I3
137505-9;NR-37;I3
137506-7;NR-37;I3
137507-5;NR-37;I3
137508-3;NR-37;I3
137509-1;NR-37;I3
137510-5;NR-37;I3
137511-3;NR-37;I3
137512-1;NR-37;I3
137513-0;NR-37;I3
137514-8;NR-37;I3
137515-6;NR-37;I3
137516-4;NR-37;I2
137517-2;NR-37;I2
137518-0;NR-37;I2
137519-9;NR-37;I3
137520-2;NR-37;I3
137521-0;NR-37;I3
137522-9;NR-37;I3
137523-7;NR-37;I3
137524-5;NR-37;I3
137525-3;NR-37;I3
137526-1;NR-37;I3
137527-0;NR-37;I3
137528-8;NR-37;I3
137529-6;NR-37;I3
137530-0;NR-37;I3
137531-8;NR-37;I3
137532-6;NR-37;I3
137533-4;NR-37;I3
137534-2;NR-37;I3
137535-0;NR-37;I3
137536-9;NR-37;I2
137537-7;NR-37;I3
137538-5;NR-37;I3
137539-3;NR-37;I3
137540-7;NR-37;I3
137541-5;NR-37;I3
137542-3;NR-37;I3
137543-1;NR-37;I3
137544-0;NR-37;I3
137545-8;NR-37;I3
137546-6;NR-37;I3
137547-4;NR-37;I3
137548-2;NR-37;I2
137549-0;NR-37;I3
137550-4;NR-37;I3
137551-2;NR-37;I3
137552-0;NR-37;I3
137553-9;NR-37;I3
137554-7;NR-37;I3
137555-5;NR-37;I3
137556-3;NR-37;I3
137557-1;NR-37;I3
137558-0;NR-37;I3
137559-8;NR-37;I3
137560-1;NR-37;I3
137561-0;NR-37;I3
137562-8;NR-37;I3
137563-6;NR-37;I3
137564-4;NR-37;I3
137565-2;NR-37;I3
137566-0;NR-37;I3
137567-9;NR-37;I3
137568-7;NR-37;I3
137569-5;NR-37;I3
137570-9;NR-37;I3
137571-7;NR-37;I3
137572-5;NR-37;I3
137573-3;NR-37;I3
137574-1;NR-37;I3
137575-0;NR-37;I3
137576-8;NR-37;I3
137577-6;NR-37;I3
137578-4;NR-37;I3
137579-2;NR-37;I3
137580-6;NR-37;I3
137581-4;NR-37;I3
137582-2;NR-37;I3
137583-0;NR-37;I3
137584-9;NR-37;I3
137585-7;NR-37;I3
137586-5;NR-37;I3
137587-3;NR-37;I3
137588-1;NR-37;I3
137589-0;NR-37;I3
137590-3;NR-37;I3
137591-1;NR-37;I3
137592-0;NR-37;I3
137593-8;NR-37;I3
137594-6;NR-37;I3
137595-4;NR-37;I3
137596-2;NR-37;I3
137597-0;NR-37;I3
137598-9;NR-37;I3
137599-7;NR-37;I3
137600-4;NR-37;I4
137601-2;NR-37;I3
137602-0;NR-37;I3
137603-9;NR-37;I3
137604-7;NR-37;I3
137605-5;NR-37;I3
137606-3;NR-37;I2
137607-1;NR-37;I3
137608-0;NR-37;I3
137609-8;NR-37;I3
137610-1;NR-37;I2
137611-0;NR-37;I3
137612-8;NR-37;I2
137613-6;NR-37;I2
138001-0;NR-38;I3
138002-8;NR-38;I3
138003-6;NR-38;I3
138004-4;NR-38;I2
138005-2;NR-38;I3
138006-0;NR-38;I2
138007-9;NR-38;I1
138008-7;NR-38;I2
138009-5;NR-38;I2
138010-9;NR-38;I2
138011-7;NR-38;I1
138012-5;NR-38;I3
138013-3;NR-38;I3
138014-1;NR-38;I2
138015-0;NR-38;I3
138016-8;NR-38;I1
138017-6;NR-38;I1
138018-4;NR-38;I1
138019-2;NR-38;I3
138020-6;NR-38;I3
138021-4;NR-38;I2
138022-2;NR-38;I3
138023-0;NR-38;I2
138024-9;NR-38;I2
138025-7;NR-38;I2
138026-5;NR-38;I2
138027-3;NR-38;I3
138028-1;NR-38;I2
138029-0;NR-38;I2
138030-3;NR-38;I2
138031-1;NR-38;I3
138032-0;NR-38;I1
138033-8;NR-38;I2
138034-6;NR-38;I2
138035-4;NR-38;I2
138036-2;NR-38;I1
138037-0;NR-38;I2
138038-9;NR-38;I3
138039-7;NR-38;I2
138040-0;NR-38;I2
138041-9;NR-38;I4
138042-7;NR-38;I4
138043-5;NR-38;I3
138044-3;NR-38;I4
138045-1;NR-38;I4
138046-0;NR-38;I4
138047-8;NR-38;I4
138048-6;NR-38;I4
138049-4;NR-38;I4
138050-8;NR-38;I4
138051-6;NR-38;I2
138052-4;NR-38;I3
138053-2;NR-38;I3
138054-0;NR-38;I4
138055-9;NR-38;I3
138056-7;NR-38;I3
138057-5;NR-38;I4
138058-3;NR-38;I3
138059-1;NR-38;I3
138060-5;NR-38;I3
138061-3;NR-38;I4
138062-1;NR-38;I3
138063-0;NR-38;I2
138064-8;NR-38;I3
138065-6;NR-38;I2
138066-4;NR-38;I3
138067-2;NR-38;I3
138068-0;NR-38;I2
138069-9;NR-38;I2
138070-2;NR-38;I2
138071-0;NR-38;I2
138072-9;NR-38;I2
138073-7;NR-38;I3
138074-5;NR-38;I2
138075-3;NR-38;I4
138076-1;NR-38;I2
138077-0;NR-38;I2
138078-8;NR-38;I2
138079-6;NR-38;I2
138080-0;NR-38;I2
138081-8;NR-38;I2
138082-6;NR-38;I2
138083-4;NR-38;I2
138084-2;NR-38;I2
138085-0;NR-38;I2
138086-9;NR-38;I2
138087-7;NR-38;I1
138088-5;NR-38;I2
138089-3;NR-38;I2
138090-7;NR-38;I2
138091-5;NR-38;I2
138092-3;NR-38;I2
138093-1;NR-38;I2
138094-0;NR-38;I2
138095-8;NR-38;I2
138096-6;NR-38;I1
138097-4;NR-38;I2
138098-2;NR-38;I2
138099-0;NR-38;I2
138100-8;NR-38;I2
138101-6;NR-38;I2
138102-4;NR-38;I2
138103-2;NR-38;I2
138104-0;NR-38;I2
138105-9;NR-38;I2
138106-7;NR-38;I2
138107-5;NR-38;I2
205113-3;NR-05;I4
205115-0;NR-05;I3
205116-8;NR-05;I3
205118-4;NR-05;I2
205119-2;NR-05;I2
205120-6;NR-05;I2
205122-2;NR-05;I3
205124-9;NR-05;I3
205125-7;NR-05;I3
205126-5;NR-05;I2
205127-3;NR-05;I1
205128-1;NR-05;I1
205131-1;NR-05;I2
205132-0;NR-05;I3
205133-8;NR-05;I2
205134-6;NR-05;I3
205135-4;NR-05;I3
205136-2;NR-05;I3
205137-0;NR-05;I3
205138-9;NR-05;I2
205139-7;NR-05;I2
205140-0;NR-05;I2
205141-9;NR-05;I3
205145-1;NR-05;I3
205147-8;NR-05;I3
205148-6;NR-05;I2
205149-4;NR-05;I3
205150-8;NR-05;I2
205152-4;NR-05;I3
205155-9;NR-05;I3
205158-3;NR-05;I2
205159-1;NR-05;I3
205160-5;NR-05;I3
205161-3;NR-05;I2
205162-1;NR-05;I2
205163-0;NR-05;I2
205164-8;NR-05;I2
205165-6;NR-05;I2
205166-4;NR-05;I2
205167-2;NR-05;I2
205168-0;NR-05;I2
205169-9;NR-05;I2
205170-2;NR-05;I2
205171-0;NR-05;I3
205172-9;NR-05;I3
205173-7;NR-05;I3
205174-5;NR-05;I2
205175-3;NR-05;I2
205176-1;NR-05;I3
205177-0;NR-05;I3
205178-8;NR-05;I2
205179-6;NR-05;I2
205180-0;NR-05;I3
205181-8;NR-05;I3
205182-6;NR-05;I2
205183-4;NR-05;I2
205184-2;NR-05;I2
205185-0;NR-05;I2
205186-9;NR-05;I2
205187-7;NR-05;I2
205188-5;NR-05;I2
205189-3;NR-05;I2
205190-7;NR-05;I2
205191-5;NR-05;I2
205192-3;NR-05;I2
205193-1;NR-05;I2
205194-0;NR-05;I3
205195-8;NR-05;I3
205196-6;NR-05;I3
205197-4;NR-05;I3
205198-2;NR-05;I3
205199-0;NR-05;I3
205200-8;NR-05;I3
205201-6;NR-05;I2
205202-4;NR-05;I2
205203-2;NR-05;I2
205204-0;NR-05;I2
205205-9;NR-05;I2
205206-7;NR-05;I3
205207-5;NR-05;I3
205208-3;NR-05;I2
205209-1;NR-05;I2
205210-5;NR-05;I3
205211-3;NR-05;I2
205212-1;NR-05;I2
205213-0;NR-05;I2
205214-8;NR-05;I2
206048-5;NR-06;I3
206049-3;NR-06;I4
206050-7;NR-06;I4
206051-5;NR-06;I4
206052-3;NR-06;I2
206053-1;NR-06;I4
206054-0;NR-06;I2
206055-8;NR-06;I3
206056-6;NR-06;I2
206059-0;NR-06;I3
206060-4;NR-06;I4
206062-0;NR-06;I3
206063-9;NR-06;I3
206064-7;NR-06;I2
206065-5;NR-06;I3
206066-3;NR-06;I3
206067-1;NR-06;I3
206068-0;NR-06;I3
206069-8;NR-06;I3
206070-1;NR-06;I3
206072-8;NR-06;I3
206073-6;NR-06;I3
206074-4;NR-06;I3
206075-2;NR-06;I3
206076-0;NR-06;I3
206077-9;NR-06;I3
206078-7;NR-06;I3
210002-9;NR-10;I1
210003-7;NR-10;I3
210012-6;NR-10;I4
210016-9;NR-10;I3
210017-7;NR-10;I2
210033-9;NR-10;I2
210041-0;NR-10;I2
210042-8;NR-10;I4
210043-6;NR-10;I4
210046-0;NR-10;I3
210047-9;NR-10;I2
210049-5;NR-10;I3
210067-3;NR-10;I3
210090-8;NR-10;I2
210091-6;NR-10;I3
210094-0;NR-10;I3
210122-0;NR-10;I4
210127-0;NR-10;I2
210128-9;NR-10;I2
210138-6;NR-10;I3
210146-7;NR-10;I3
210156-4;NR-10;I2
210161-0;NR-10;I3
210162-9;NR-10;I3
210163-7;NR-10;I3
210166-1;NR-10;I3
210171-8;NR-10;I3
210177-7;NR-10;I3
210178-5;NR-10;I2
210179-3;NR-10;I4
210180-7;NR-10;I4
210181-5;NR-10;I3
210182-3;NR-10;I3
210183-1;NR-10;I3
210184-0;NR-10;I4
210185-8;NR-10;I4
210186-6;NR-10;I4
210187-4;NR-10;I4
210188-2;NR-10;I2
210189-0;NR-10;I3
210190-4;NR-10;I3
210191-2;NR-10;I3
210192-0;NR-10;I3
210193-9;NR-10;I3
210194-7;NR-10;I4
210195-5;NR-10;I4
213494-2;NR-13;I4
213495-0;NR-13;I4
213496-9;NR-13;I4
213497-7;NR-13;I2
213498-5;NR-13;I4
213499-3;NR-13;I4
213500-0;NR-13;I4
213501-9;NR-13;I4
213502-7;NR-13;I4
213504-3;NR-13;I4
213505-1;NR-13;I4
213506-0;NR-13;I4
213507-8;NR-13;I3
213508-6;NR-13;I4
213509-4;NR-13;I3
213510-8;NR-13;I3
213511-6;NR-13;I4
213512-4;NR-13;I4
213513-2;NR-13;I4
213514-0;NR-13;I4
213515-9;NR-13;I3
213516-7;NR-13;I3
213517-5;NR-13;I3
213518-3;NR-13;I3
213519-1;NR-13;I3
213520-5;NR-13;I4
213521-3;NR-13;I3
213522-1;NR-13;I4
213523-0;NR-13;I4
213524-8;NR-13;I4
213525-6;NR-13;I4
213526-4;NR-13;I3
213527-2;NR-13;I4
213528-0;NR-13;I4
213529-9;NR-13;I4
213530-2;NR-13;I4
213531-0;NR-13;I4
213532-9;NR-13;I4
213533-7;NR-13;I4
213534-5;NR-13;I4
213535-3;NR-13;I4
213536-1;NR-13;I4
213537-0;NR-13;I4
213538-8;NR-13;I2
213539-6;NR-13;I3
213540-0;NR-13;I4
213541-8;NR-13;I3
213542-6;NR-13;I3
213543-4;NR-13;I3
213544-2;NR-13;I4
213545-0;NR-13;I4
213547-7;NR-13;I3
213548-5;NR-13;I3
213549-3;NR-13;I4
213550-7;NR-13;I4
213551-5;NR-13;I4
213552-3;NR-13;I3
213553-1;NR-13;I4
213554-0;NR-13;I4
213555-8;NR-13;I4
213556-6;NR-13;I3
213557-4;NR-13;I4
213558-2;NR-13;I4
213559-0;NR-13;I3
213560-4;NR-13;I4
213561-2;NR-13;I4
213562-0;NR-13;I4
213563-9;NR-13;I4
213564-7;NR-13;I4
213565-5;NR-13;I3
213566-3;NR-13;I3
213567-1;NR-13;I4
213568-0;NR-13;I3
213569-8;NR-13;I4
213570-1;NR-13;I4
213571-0;NR-13;I4
213572-8;NR-13;I4
213573-6;NR-13;I4
213574-4;NR-13;I3
213575-2;NR-13;I4
213576-0;NR-13;I4
213577-9;NR-13;I3
213578-7;NR-13;I4
213579-5;NR-13;I4
213580-9;NR-13;I3
213581-7;NR-13;I4
213582-5;NR-13;I4
213583-3;NR-13;I4
213584-1;NR-13;I4
213585-0;NR-13;I4
213586-8;NR-13;I4
213587-6;NR-13;I4
213589-2;NR-13;I4
213590-6;NR-13;I3
213591-4;NR-13;I4
213592-2;NR-13;I4
213593-0;NR-13;I4
220218-2;NR-20;I4
220219-0;NR-20;I3
220220-4;NR-20;I3
220221-2;NR-20;I3
220222-0;NR-20;I3
220223-9;NR-20;I3
220224-7;NR-20;I4
220225-5;NR-20;I3
220226-3;NR-20;I3
220227-1;NR-20;I1
220228-0;NR-20;I2
220229-8;NR-20;I4
220230-1;NR-20;I3
220231-0;NR-20;I3
220232-8;NR-20;I3
220233-6;NR-20;I3
220234-4;NR-20;I3
220235-2;NR-20;I3
220236-0;NR-20;I4
220237-9;NR-20;I3
220238-7;NR-20;I4
220239-5;NR-20;I4
220240-9;NR-20;I3
220241-7;NR-20;I3
220242-5;NR-20;I3
220243-3;NR-20;I3
220244-1;NR-20;I3
220245-0;NR-20;I2
220246-8;NR-20;I3
220247-6;NR-20;I3
220248-4;NR-20;I3
220249-2;NR-20;I4
220250-6;NR-20;I3
220251-4;NR-20;I3
220252-2;NR-20;I2
220253-0;NR-20;I2
220254-9;NR-20;I3
220255-7;NR-20;I2
220256-5;NR-20;I2
220257-3;NR-20;I3
220258-1;NR-20;I3
220259-0;NR-20;I3
220260-3;NR-20;I3
220261-1;NR-20;I2
220262-0;NR-20;I3
220263-8;NR-20;I3
220264-6;NR-20;I2
220265-4;NR-20;I2
220266-2;NR-20;I4
220267-0;NR-20;I4
220268-9;NR-20;I4
220269-7;NR-20;I4
220270-0;NR-20;I4
220271-9;NR-20;I4
220272-7;NR-20;I4
220273-5;NR-20;I4
220274-3;NR-20;I4
220275-1;NR-20;I4
220276-0;NR-20;I4
220277-8;NR-20;I4
220278-6;NR-20;I2
220279-4;NR-20;I3
220280-8;NR-20;I3
220281-6;NR-20;I3
220282-4;NR-20;I2
220283-2;NR-20;I2
220284-0;NR-20;I3
220285-9;NR-20;I3
220286-7;NR-20;I2
220287-5;NR-20;I2
220289-1;NR-20;I2
220290-5;NR-20;I3
220291-3;NR-20;I3
220292-1;NR-20;I4
220293-0;NR-20;I4
220294-8;NR-20;I4
220295-6;NR-20;I4
220296-4;NR-20;I4
220297-2;NR-20;I4
220298-0;NR-20;I3
220299-9;NR-20;I3
220300-6;NR-20;I3
220301-4;NR-20;I3
220302-2;NR-20;I4
220303-0;NR-20;I3
220305-7;NR-20;I2
220306-5;NR-20;I4
220307-3;NR-20;I2
220308-1;NR-20;I2
220309-0;NR-20;I3
220310-3;NR-20;I3
220311-1;NR-20;I3
220312-0;NR-20;I2
220313-8;NR-20;I1
220314-6;NR-20;I3
220315-4;NR-20;I3
220316-2;NR-20;I2
220317-0;NR-20;I3
220318-9;NR-20;I3
220319-7;NR-20;I3
220320-0;NR-20;I3
220321-9;NR-20;I3
220322-7;NR-20;I3
220323-5;NR-20;I3
220324-3;NR-20;I3
220325-1;NR-20;I4
220326-0;NR-20;I3
220327-8;NR-20;I4
220328-6;NR-20;I3
220329-4;NR-20;I3
220330-8;NR-20;I3
220331-6;NR-20;I4
220332-4;NR-20;I1
220333-2;NR-20;I3
220334-0;NR-20;I3
220335-9;NR-20;I3
220336-7;NR-20;I3
231083-0;NR-31;I3
231084-8;NR-31;I3
231085-6;NR-31;I4
231086-4;NR-31;I3
231087-2;NR-31;I2
231088-0;NR-31;I2
231089-9;NR-31;I2
231090-2;NR-31;I2
231091-0;NR-31;I4
231092-9;NR-31;I4
231093-7;NR-31;I3
231094-5;NR-31;I2
231095-3;NR-31;I3
231096-1;NR-31;I3
231097-0;NR-31;I3
231098-8;NR-31;I1
231099-6;NR-31;I2
231100-3;NR-31;I2
231101-1;NR-31;I2
231102-0;NR-31;I3
231103-8;NR-31;I3
231104-6;NR-31;I3
231105-4;NR-31;I4
231106-2;NR-31;I3
231107-0;NR-31;I3
231108-9;NR-31;I3
231109-7;NR-31;I3
231110-0;NR-31;I3
231111-9;NR-31;I3
231112-7;NR-31;I3
231113-5;NR-31;I4
231114-3;NR-31;I3
231115-1;NR-31;I2
231116-0;NR-31;I3
231117-8;NR-31;I2
231118-6;NR-31;I2
231119-4;NR-31;I2
231120-8;NR-31;I2
231121-6;NR-31;I3
231122-4;NR-31;I2
231123-2;NR-31;I2
231124-0;NR-31;I3
231125-9;NR-31;I3
231126-7;NR-31;I3
231127-5;NR-31;I3
231128-3;NR-31;I3
231129-1;NR-31;I3
231130-5;NR-31;I3
231131-3;NR-31;I3
231132-1;NR-31;I3
231133-0;NR-31;I3
231134-8;NR-31;I3
231135-6;NR-31;I3
231136-4;NR-31;I3
231137-2;NR-31;I2
231138-0;NR-31;I3
231139-9;NR-31;I2
231140-2;NR-31;I2
231141-0;NR-31;I1
231142-9;NR-31;I2
231143-7;NR-31;I2
231144-5;NR-31;I4
231145-3;NR-31;I4
231146-1;NR-31;I4
231147-0;NR-31;I4
231148-8;NR-31;I3
231149-6;NR-31;I3
231150-0;NR-31;I3
231151-8;NR-31;I3
231152-6;NR-31;I3
231153-4;NR-31;I3
231154-2;NR-31;I3
231155-0;NR-31;I3
231156-9;NR-31;I2
231157-7;NR-31;I1
231158-5;NR-31;I2
231159-3;NR-31;I2
231160-7;NR-31;I2
231161-5;NR-31;I3
231162-3;NR-31;I1
231163-1;NR-31;I1
231164-0;NR-31;I3
231165-8;NR-31;I2
231166-6;NR-31;I2
231167-4;NR-31;I1
231168-2;NR-31;I3
231169-0;NR-31;I3
231170-4;NR-31;I2
231171-2;NR-31;I2
231172-0;NR-31;I1
231173-9;NR-31;I1
231174-7;NR-31;I2
231175-5;NR-31;I1
231176-3;NR-31;I2
231177-1;NR-31;I3
231178-0;NR-31;I1
231179-8;NR-31;I1
231180-1;NR-31;I1
231181-0;NR-31;I1
231182-8;NR-31;I1
231183-6;NR-31;I1
231184-4;NR-31;I1
231185-2;NR-31;I1
231186-0;NR-31;I1
231187-9;NR-31;I1
231188-7;NR-31;I1
231189-5;NR-31;I1
231190-9;NR-31;I2
231191-7;NR-31;I2
231192-5;NR-31;I1
231193-3;NR-31;I1
231194-1;NR-31;I1
231195-0;NR-31;I2
231196-8;NR-31;I1
231197-6;NR-31;I2
231198-4;NR-31;I2
231199-2;NR-31;I2
231200-0;NR-31;I1
231201-8;NR-31;I2
231202-6;NR-31;I1
231203-4;NR-31;I1
231204-2;NR-31;I2
231205-0;NR-31;I2
231206-9;NR-31;I3
231207-7;NR-31;I2
231208-5;NR-31;I1
231209-3;NR-31;I3
231210-7;NR-31;I3
231211-5;NR-31;I3
231212-3;NR-31;I2
231213-1;NR-31;I2
231214-0;NR-31;I2
231215-8;NR-31;I3
231216-6;NR-31;I3
231217-4;NR-31;I3
231218-2;NR-31;I3
231219-0;NR-31;I2
231220-4;NR-31;I2
231221-2;NR-31;I2
231222-0;NR-31;I3
231223-9;NR-31;I3
231224-7;NR-31;I3
231225-5;NR-31;I2
231226-3;NR-31;I3
231227-1;NR-31;I3
231228-0;NR-31;I3
231229-8;NR-31;I3
231230-1;NR-31;I3
231231-0;NR-31;I3
231232-8;NR-31;I3
231233-6;NR-31;I4
231234-4;NR-31;I3
231235-2;NR-31;I2
231236-0;NR-31;I3
231237-9;NR-31;I2
231238-7;NR-31;I2
231239-5;NR-31;I3
231240-9;NR-31;I3
231241-7;NR-31;I3
231242-5;NR-31;I3
231243-3;NR-31;I3
231244-1;NR-31;I2
231245-0;NR-31;I2
231246-8;NR-31;I2
231247-6;NR-31;I3
231248-4;NR-31;I3
231249-2;NR-31;I3
231250-6;NR-31;I3
231251-4;NR-31;I3
231252-2;NR-31;I3
231253-0;NR-31;I3
231254-9;NR-31;I3
231255-7;NR-31;I2
231256-5;NR-31;I3
231257-3;NR-31;I3
231258-1;NR-31;I3
231259-0;NR-31;I2
231260-3;NR-31;I2
231261-1;NR-31;I2
231262-0;NR-31;I2
231263-8;NR-31;I3
231264-6;NR-31;I2
231265-4;NR-31;I2
231266-2;NR-31;I2
231267-0;NR-31;I3
231268-9;NR-31;I2
231269-7;NR-31;I2
231270-0;NR-31;I3
231271-9;NR-31;I3
231272-7;NR-31;I2
231273-5;NR-31;I2
231274-3;NR-31;I3
231275-1;NR-31;I3
231276-0;NR-31;I2
231277-8;NR-31;I3
231278-6;NR-31;I2
231279-4;NR-31;I2
231280-8;NR-31;I2
231281-6;NR-31;I3
231282-4;NR-31;I3
231283-2;NR-31;I3
231284-0;NR-31;I3
231285-9;NR-31;I2
231286-7;NR-31;I2
231287-5;NR-31;I2
231288-3;NR-31;I2
231289-1;NR-31;I2
231290-5;NR-31;I2
231291-3;NR-31;I2
231292-1;NR-31;I2
231293-0;NR-31;I3
231294-8;NR-31;I2
231295-6;NR-31;I2
231296-4;NR-31;I2
231297-2;NR-31;I2
231298-0;NR-31;I2
231299-9;NR-31;I3
231300-6;NR-31;I3
231301-4;NR-31;I2
231302-2;NR-31;I3
231303-0;NR-31;I3
231304-9;NR-31;I2
231305-7;NR-31;I3
231306-5;NR-31;I3
231307-3;NR-31;I3
231308-1;NR-31;I3
231309-0;NR-31;I3
231310-3;NR-31;I3
231311-1;NR-31;I3
231312-0;NR-31;I3
231313-8;NR-31;I3
231314-6;NR-31;I3
231315-4;NR-31;I3
231316-2;NR-31;I3
231317-0;NR-31;I3
231318-9;NR-31;I3
231319-7;NR-31;I3
231320-0;NR-31;I3
231321-9;NR-31;I3
231322-7;NR-31;I3
231323-5;NR-31;I3
231324-3;NR-31;I3
231325-1;NR-31;I3
231326-0;NR-31;I3
231327-8;NR-31;I3
231328-6;NR-31;I3
231329-4;NR-31;I3
231330-8;NR-31;I3
231331-6;NR-31;I3
231332-4;NR-31;I3
231333-2;NR-31;I3
231334-0;NR-31;I2
231335-9;NR-31;I3
231336-7;NR-31;I3
231337-5;NR-31;I3
231338-3;NR-31;I3
231339-1;NR-31;I3
231340-5;NR-31;I3
231341-3;NR-31;I3
231342-1;NR-31;I3
231343-0;NR-31;I3
231344-8;NR-31;I3
231345-6;NR-31;I3
231346-4;NR-31;I3
231347-2;NR-31;I3
231348-0;NR-31;I3
231349-9;NR-31;I3
231350-2;NR-31;I3
231351-0;NR-31;I3
231352-9;NR-31;I3
231353-7;NR-31;I3
231354-5;NR-31;I3
231355-3;NR-31;I3
231356-1;NR-31;I4
231357-0;NR-31;I3
231358-8;NR-31;I3
231359-6;NR-31;I3
231360-0;NR-31;I3
231361-8;NR-31;I3
231362-6;NR-31;I3
231363-4;NR-31;I3
231364-2;NR-31;I3
231365-0;NR-31;I3
231366-9;NR-31;I3
231367-7;NR-31;I3
231368-5;NR-31;I3
231369-3;NR-31;I3
231370-7;NR-31;I3
231371-5;NR-31;I3
231372-3;NR-31;I3
231373-1;NR-31;I3
231374-0;NR-31;I3
231375-8;NR-31;I3
231376-6;NR-31;I3
231377-4;NR-31;I3
231378-2;NR-31;I3
231379-0;NR-31;I3
231380-4;NR-31;I3
231381-2;NR-31;I3
231382-0;NR-31;I2
231383-9;NR-31;I3
231384-7;NR-31;I4
231385-5;NR-31;I3
231386-3;NR-31;I3
231387-1;NR-31;I3
231388-0;NR-31;I3
231389-8;NR-31;I3
231390-1;NR-31;I3
231391-0;NR-31;I3
231392-8;NR-31;I3
231393-6;NR-31;I3
231394-4;NR-31;I3
231395-2;NR-31;I3
231396-0;NR-31;I3
231397-9;NR-31;I3
231398-7;NR-31;I3
231399-5;NR-31;I3
231400-2;NR-31;I3
231401-0;NR-31;I3
231402-9;NR-31;I3
231403-7;NR-31;I3
231404-5;NR-31;I3
231405-3;NR-31;I3
231406-1;NR-31;I3
231407-0;NR-31;I3
231408-8;NR-31;I3
231409-6;NR-31;I3
231410-0;NR-31;I3
231411-8;NR-31;I3
231412-6;NR-31;I3
231413-4;NR-31;I3
231414-2;NR-31;I3
231415-0;NR-31;I3
231416-9;NR-31;I3
231417-7;NR-31;I3
231418-5;NR-31;I3
231419-3;NR-31;I3
231420-7;NR-31;I3
231421-5;NR-31;I3
231422-3;NR-31;I3
231423-1;NR-31;I2
231424-0;NR-31;I3
231425-8;NR-31;I3
231426-6;NR-31;I3
231427-4;NR-31;I2
231428-2;NR-31;I3
231429-0;NR-31;I3
231430-4;NR-31;I3
231431-2;NR-31;I3
231432-0;NR-31;I3
231433-9;NR-31;I3
231434-7;NR-31;I3
231435-5;NR-31;I3
231436-3;NR-31;I3
231437-1;NR-31;I3
231438-0;NR-31;I3
231439-8;NR-31;I3
231440-1;NR-31;I3
231441-0;NR-31;I3
231442-8;NR-31;I2
231443-6;NR-31;I3
231444-4;NR-31;I3
231445-2;NR-31;I2
231446-0;NR-31;I2
231447-9;NR-31;I3
231448-7;NR-31;I3
231449-5;NR-31;I3
231450-9;NR-31;I1
231451-7;NR-31;I3
231452-5;NR-31;I3
231453-3;NR-31;I3
231454-1;NR-31;I3
231455-0;NR-31;I1
231456-8;NR-31;I1
231457-6;NR-31;I2
231458-4;NR-31;I2
231459-2;NR-31;I2
231460-6;NR-31;I2
231461-4;NR-31;I3
231462-2;NR-31;I3
231463-0;NR-31;I3
231464-9;NR-31;I3
231465-7;NR-31;I3
231466-5;NR-31;I3
231467-3;NR-31;I3
231468-1;NR-31;I2
231469-0;NR-31;I3
231470-3;NR-31;I3
231471-1;NR-31;I3
231472-0;NR-31;I3
231473-8;NR-31;I4
231474-6;NR-31;I3
231475-4;NR-31;I3
231476-2;NR-31;I3
231477-0;NR-31;I3
231478-9;NR-31;I3
231479-7;NR-31;I3
231480-0;NR-31;I3
231481-9;NR-31;I3
231482-7;NR-31;I4
231483-5;NR-31;I3
231484-3;NR-31;I3
231485-1;NR-31;I3
231486-0;NR-31;I2
231487-8;NR-31;I3
231488-6;NR-31;I2
231489-4;NR-31;I3
231490-8;NR-31;I3
231491-6;NR-31;I3
231492-4;NR-31;I3
231493-2;NR-31;I3
231494-0;NR-31;I3
231495-9;NR-31;I3
231496-7;NR-31;I3
231497-5;NR-31;I2
231498-3;NR-31;I3
231499-1;NR-31;I2
231500-9;NR-31;I2
231501-7;NR-31;I3
231502-5;NR-31;I1
231503-3;NR-31;I3
231504-1;NR-31;I3
231505-0;NR-31;I2
231506-8;NR-31;I3
231507-6;NR-31;I3
231508-4;NR-31;I3
231509-2;NR-31;I3
231510-6;NR-31;I3
231511-4;NR-31;I3
231512-2;NR-31;I3
231513-0;NR-31;I3
231514-9;NR-31;I2
231515-7;NR-31;I2
231516-5;NR-31;I2
231517-3;NR-31;I2
231518-1;NR-31;I2
231519-0;NR-31;I2
231520-3;NR-31;I3
231521-1;NR-31;I3
231522-0;NR-31;I3
231523-8;NR-31;I3
231524-6;NR-31;I3
231525-4;NR-31;I2
231526-2;NR-31;I3
231527-0;NR-31;I2
231528-9;NR-31;I3
231529-7;NR-31;I3
231530-0;NR-31;I2
231531-9;NR-31;I3
231532-7;NR-31;I2
231533-5;NR-31;I3
231534-3;NR-31;I3
231535-1;NR-31;I2
231536-0;NR-31;I2
231537-8;NR-31;I3
231538-6;NR-31;I2
231539-4;NR-31;I3
231540-8;NR-31;I2
231541-6;NR-31;I2
231542-4;NR-31;I1
231543-2;NR-31;I3
231544-0;NR-31;I3
231545-9;NR-31;I3
231546-7;NR-31;I3
231547-5;NR-31;I3
231548-3;NR-31;I3
231549-1;NR-31;I3
231550-5;NR-31;I2
231551-3;NR-31;I2
231552-1;NR-31;I2
231553-0;NR-31;I3
231554-8;NR-31;I3
231555-6;NR-31;I2
231556-4;NR-31;I3
231557-2;NR-31;I3
231558-0;NR-31;I3
231559-9;NR-31;I3
231560-2;NR-31;I3
231561-0;NR-31;I3
231562-9;NR-31;I3
231563-7;NR-31;I3
231564-5;NR-31;I3
231565-3;NR-31;I3
231566-1;NR-31;I3
231567-0;NR-31;I3
231568-8;NR-31;I3
231569-6;NR-31;I3
231570-0;NR-31;I3
231571-8;NR-31;I3
231572-6;NR-31;I2
231573-4;NR-31;I2
231574-2;NR-31;I2
231575-0;NR-31;I2
231576-9;NR-31;I2
231577-7;NR-31;I3
231578-5;NR-31;I3
231579-3;NR-31;I3
231580-7;NR-31;I3
231581-5;NR-31;I3
231582-3;NR-31;I3
231583-1;NR-31;I3
231584-0;NR-31;I3
231585-8;NR-31;I3
231586-6;NR-31;I3
231587-4;NR-31;I3
231588-2;NR-31;I2
231589-0;NR-31;I2
231590-4;NR-31;I2
231591-2;NR-31;I3
231592-0;NR-31;I3
231593-9;NR-31;I3
231594-7;NR-31;I3
231595-5;NR-31;I3
231596-3;NR-31;I3
231597-1;NR-31;I3
231598-0;NR-31;I3
231599-8;NR-31;I3
231600-5;NR-31;I3
231601-3;NR-31;I3
231602-1;NR-31;I3
231603-0;NR-31;I3
231604-8;NR-31;I3
231605-6;NR-31;I3
231606-4;NR-31;I3
231607-2;NR-31;I3
231608-0;NR-31;I3
231609-9;NR-31;I3
231610-2;NR-31;I2
231611-0;NR-31;I3
231612-9;NR-31;I3
231613-7;NR-31;I2
231614-5;NR-31;I3
231615-3;NR-31;I2
231616-1;NR-31;I3
231617-0;NR-31;I3
231618-8;NR-31;I3
231619-6;NR-31;I2
231620-0;NR-31;I3
231621-8;NR-31;I3
231622-6;NR-31;I3
231623-4;NR-31;I3
231624-2;NR-31;I3
231625-0;NR-31;I2
231626-9;NR-31;I3
231627-7;NR-31;I3
231628-5;NR-31;I3
231629-3;NR-31;I3
231630-7;NR-31;I3
231631-5;NR-31;I3
231632-3;NR-31;I3
231633-1;NR-31;I3
231634-0;NR-31;I3
231635-8;NR-31;I3
231636-6;NR-31;I3
231637-4;NR-31;I3
231638-2;NR-31;I2
231639-0;NR-31;I3
231640-4;NR-31;I3
231641-2;NR-31;I3
231642-0;NR-31;I3
231643-9;NR-31;I3
231644-7;NR-31;I3
231645-5;NR-31;I3
231646-3;NR-31;I3
231647-1;NR-31;I3
231648-0;NR-31;I3
231649-8;NR-31;I3
231650-1;NR-31;I3
231651-0;NR-31;I2
231652-8;NR-31;I3
231653-6;NR-31;I3
231654-4;NR-31;I3
231655-2;NR-31;I3
231656-0;NR-31;I3
231657-9;NR-31;I3
231658-7;NR-31;I3
231659-5;NR-31;I3
231660-9;NR-31;I3
231661-7;NR-31;I3
231662-5;NR-31;I3
231663-3;NR-31;I3
231664-1;NR-31;I3
231665-0;NR-31;I3
231666-8;NR-31;I3
231667-6;NR-31;I3
231668-4;NR-31;I3
231669-2;NR-31;I3
231670-6;NR-31;I3
231671-4;NR-31;I3
231672-2;NR-31;I3
231673-0;NR-31;I3
231674-9;NR-31;I3
231675-7;NR-31;I3
231676-5;NR-31;I3
231677-3;NR-31;I3
231678-1;NR-31;I3
231679-0;NR-31;I3
231680-3;NR-31;I3
231681-1;NR-31;I3
231682-0;NR-31;I3
231683-8;NR-31;I3
231684-6;NR-31;I3
231685-4;NR-31;I3
231686-2;NR-31;I3
231687-0;NR-31;I3
231688-9;NR-31;I3
231689-7;NR-31;I3
231690-0;NR-31;I3
231691-9;NR-31;I3
231692-7;NR-31;I3
231693-5;NR-31;I2
231694-3;NR-31;I2
231695-1;NR-31;I2
231696-0;NR-31;I3
231697-8;NR-31;I2
231698-6;NR-31;I2
231699-4;NR-31;I2
231700-1;NR-31;I2
231701-0;NR-31;I2
231702-8;NR-31;I2
231703-6;NR-31;I2
231704-4;NR-31;I3
231705-2;NR-31;I3
231706-0;NR-31;I3
312309-0;NR-12;I3
312310-3;NR-12;I2
312311-1;NR-12;I4
312312-0;NR-12;I4
312313-8;NR-12;I2
312314-6;NR-12;I3
312315-4;NR-12;I3
312316-2;NR-12;I3
312317-0;NR-12;I2
312318-9;NR-12;I3
312319-7;NR-12;I2
312320-0;NR-12;I3
312321-9;NR-12;I3
312322-7;NR-12;I4
312323-5;NR-12;I4
312324-3;NR-12;I4
312325-1;NR-12;I4
312327-8;NR-12;I3
312328-6;NR-12;I4
312329-4;NR-12;I3
312330-8;NR-12;I4
312331-6;NR-12;I4
312332-4;NR-12;I4
312333-2;NR-12;I4
312334-0;NR-12;I4
312335-9;NR-12;I4
312336-7;NR-12;I4
312337-5;NR-12;I4
312338-3;NR-12;I3
312339-1;NR-12;I3
312340-5;NR-12;I4
312341-3;NR-12;I4
312342-1;NR-12;I4
312343-0;NR-12;I4
312344-8;NR-12;I4
312345-6;NR-12;I4
312346-4;NR-12;I4
312347-2;NR-12;I4
312348-0;NR-12;I4
312349-9;NR-12;I4
312350-2;NR-12;I1
312351-0;NR-12;I2
312352-9;NR-12;I2
312353-7;NR-12;I2
312354-5;NR-12;I2
312355-3;NR-12;I2
312356-1;NR-12;I2
312357-0;NR-12;I2
312358-8;NR-12;I4
312359-6;NR-12;I3
312360-0;NR-12;I3
312361-8;NR-12;I3
312362-6;NR-12;I3
312363-4;NR-12;I3
312364-2;NR-12;I3
312365-0;NR-12;I3
312366-9;NR-12;I2
312367-7;NR-12;I2
312368-5;NR-12;I2
312369-3;NR-12;I2
312370-7;NR-12;I2
312371-5;NR-12;I2
312372-3;NR-12;I2
312373-1;NR-12;I2
312374-0;NR-12;I2
312375-8;NR-12;I2
312376-6;NR-12;I2
312377-4;NR-12;I2
312378-2;NR-12;I4
312379-0;NR-12;I4
312380-4;NR-12;I1
312381-2;NR-12;I4
312382-0;NR-12;I2
312383-9;NR-12;I3
312384-7;NR-12;I3
312385-5;NR-12;I3
312386-3;NR-12;I3
312387-1;NR-12;I3
312388-0;NR-12;I2
312389-8;NR-12;I4
312390-1;NR-12;I4
312391-0;NR-12;I4
312392-8;NR-12;I4
312393-6;NR-12;I4
312394-4;NR-12;I4
312395-2;NR-12;I4
312396-0;NR-12;I3
312397-9;NR-12;I4
312398-7;NR-12;I3
312401-0;NR-12;I3
312402-9;NR-12;I3
312403-7;NR-12;I2
312404-5;NR-12;I4
312405-3;NR-12;I4
312406-1;NR-12;I4
312408-8;NR-12;I4
312409-6;NR-12;I4
312410-0;NR-12;I4
312411-8;NR-12;I4
312412-6;NR-12;I3
312413-4;NR-12;I3
312414-2;NR-12;I3
312415-0;NR-12;I3
312416-9;NR-12;I3
312417-7;NR-12;I3
312418-5;NR-12;I3
312419-3;NR-12;I4
312420-7;NR-12;I4
312421-5;NR-12;I3
312422-3;NR-12;I3
312423-1;NR-12;I3
312424-0;NR-12;I3
312425-8;NR-12;I3
312426-6;NR-12;I3
312427-4;NR-12;I3
312429-0;NR-12;I3
312430-4;NR-12;I3
312431-2;NR-12;I4
312432-0;NR-12;I3
312434-7;NR-12;I4
312436-3;NR-12;I1
312437-1;NR-12;I4
312438-0;NR-12;I4
312439-8;NR-12;I3
312440-1;NR-12;I3
312441-0;NR-12;I3
312442-8;NR-12;I3
312443-6;NR-12;I3
312444-4;NR-12;I3
312445-2;NR-12;I3
312446-0;NR-12;I3
312447-9;NR-12;I3
312448-7;NR-12;I3
312449-5;NR-12;I3
312450-9;NR-12;I3
312451-7;NR-12;I3
312452-5;NR-12;I3
312453-3;NR-12;I3
312454-1;NR-12;I3
312455-0;NR-12;I2
312456-8;NR-12;I2
312457-6;NR-12;I2
312458-4;NR-12;I2
312459-2;NR-12;I2
312460-6;NR-12;I2
312461-4;NR-12;I3
312462-2;NR-12;I3
312463-0;NR-12;I2
312464-9;NR-12;I2
312465-7;NR-12;I4
312466-5;NR-12;I4
312467-3;NR-12;I3
312468-1;NR-12;I3
312469-0;NR-12;I4
312470-3;NR-12;I3
312471-1;NR-12;I3
312472-0;NR-12;I3
312473-8;NR-12;I4
312474-6;NR-12;I3
312475-4;NR-12;I2
312476-2;NR-12;I2
312477-0;NR-12;I2
312478-9;NR-12;I2
312479-7;NR-12;I2
312480-0;NR-12;I2
312481-9;NR-12;I2
312482-7;NR-12;I2
312483-5;NR-12;I2
312484-3;NR-12;I2
312485-1;NR-12;I2
312486-0;NR-12;I2
312487-8;NR-12;I2
312488-6;NR-12;I2
312489-4;NR-12;I2
312490-8;NR-12;I2
312491-6;NR-12;I2
312492-4;NR-12;I2
312493-2;NR-12;I2
312494-0;NR-12;I3
312495-9;NR-12;I2
312496-7;NR-12;I4
312497-5;NR-12;I4
312498-3;NR-12;I4
312499-1;NR-12;I4
312500-9;NR-12;I3
312501-7;NR-12;I2
312502-5;NR-12;I2
312503-3;NR-12;I2
312504-1;NR-12;I2
312505-0;NR-12;I2
312509-2;NR-12;I2
312510-6;NR-12;I2
312511-4;NR-12;I2
312512-2;NR-12;I2
312518-1;NR-12;I2
312519-0;NR-12;I2
312520-3;NR-12;I2
312521-1;NR-12;I2
312522-0;NR-12;I3
312523-8;NR-12;I3
312524-6;NR-12;I3
312525-4;NR-12;I3
312526-2;NR-12;I3
312527-0;NR-12;I2
312530-0;NR-12;I4
312531-9;NR-12;I4
312532-7;NR-12;I2
312533-5;NR-12;I3
312534-3;NR-12;I3
312535-1;NR-12;I4
312536-0;NR-12;I1
312537-8;NR-12;I2
312538-6;NR-12;I4
312539-4;NR-12;I4
312540-8;NR-12;I4
312541-6;NR-12;I4
312542-4;NR-12;I4
312543-2;NR-12;I4
312544-0;NR-12;I3
312545-9;NR-12;I4
312546-7;NR-12;I4
312547-5;NR-12;I4
312548-3;NR-12;I3
312549-1;NR-12;I3
312550-5;NR-12;I2
312551-3;NR-12;I4
312552-1;NR-12;I4
312553-0;NR-12;I3
312554-8;NR-12;I2
312555-6;NR-12;I2
312556-4;NR-12;I2
312557-2;NR-12;I2
312558-0;NR-12;I4
312559-9;NR-12;I4
312560-2;NR-12;I4
312561-0;NR-12;I4
312562-9;NR-12;I4
312563-7;NR-12;I4
312564-5;NR-12;I4
312565-3;NR-12;I4
312566-1;NR-12;I4
312567-0;NR-12;I4
312568-8;NR-12;I4
312569-6;NR-12;I4
312570-0;NR-12;I4
312571-8;NR-12;I4
312572-6;NR-12;I4
312573-4;NR-12;I4
312574-2;NR-12;I3
312575-0;NR-12;I4
312576-9;NR-12;I4
312577-7;NR-12;I4
312578-5;NR-12;I4
312579-3;NR-12;I3
312580-7;NR-12;I4
312581-5;NR-12;I4
312582-3;NR-12;I4
312583-1;NR-12;I4
312584-0;NR-12;I4
312585-8;NR-12;I4
312586-6;NR-12;I4
312587-4;NR-12;I4
312588-2;NR-12;I4
312589-0;NR-12;I4
312590-4;NR-12;I4
312591-2;NR-12;I4
312592-0;NR-12;I4
312593-9;NR-12;I4
312594-7;NR-12;I4
312595-5;NR-12;I4
312596-3;NR-12;I4
312597-1;NR-12;I4
312598-0;NR-12;I3
312599-8;NR-12;I4
312600-5;NR-12;I4
312601-3;NR-12;I4
312602-1;NR-12;I4
312603-0;NR-12;I4
312604-8;NR-12;I4
312605-6;NR-12;I4
312606-4;NR-12;I4
312607-2;NR-12;I3
312608-0;NR-12;I4
312609-9;NR-12;I4
312610-2;NR-12;I4
312611-0;NR-12;I4
312612-9;NR-12;I4
312613-7;NR-12;I4
312614-5;NR-12;I4
312615-3;NR-12;I4
312616-1;NR-12;I4
312617-0;NR-12;I4
312618-8;NR-12;I4
312619-6;NR-12;I4
312620-0;NR-12;I4
312621-8;NR-12;I4
312622-6;NR-12;I3
312623-4;NR-12;I3
312624-2;NR-12;I4
312625-0;NR-12;I4
312626-9;NR-12;I4
312627-7;NR-12;I4
312628-5;NR-12;I4
312629-3;NR-12;I4
312630-7;NR-12;I3
312631-5;NR-12;I4
312632-3;NR-12;I3
312633-1;NR-12;I4
312634-0;NR-12;I4
312635-8;NR-12;I4
312636-6;NR-12;I4
312637-4;NR-12;I3
312638-2;NR-12;I4
312639-0;NR-12;I4
312640-4;NR-12;I4
312641-2;NR-12;I4
312642-0;NR-12;I4
312643-9;NR-12;I4
312644-7;NR-12;I4
312645-5;NR-12;I4
312646-3;NR-12;I4
312647-1;NR-12;I4
312648-0;NR-12;I4
312649-8;NR-12;I4
312650-1;NR-12;I3
312651-0;NR-12;I3
312652-8;NR-12;I4
312653-6;NR-12;I4
312654-4;NR-12;I4
312655-2;NR-12;I4
312656-0;NR-12;I4
312657-9;NR-12;I3
312658-7;NR-12;I3
312659-5;NR-12;I4
312660-9;NR-12;I3
312661-7;NR-12;I3
312662-5;NR-12;I3
312663-3;NR-12;I4
312664-1;NR-12;I4
312665-0;NR-12;I4
312666-8;NR-12;I4
312667-6;NR-12;I4
312668-4;NR-12;I4
312669-2;NR-12;I4
312670-6;NR-12;I4
312671-4;NR-12;I4
312672-2;NR-12;I4
312673-0;NR-12;I4
312674-9;NR-12;I4
312675-7;NR-12;I4
312676-5;NR-12;I4
312677-3;NR-12;I4
312678-1;NR-12;I4
312679-0;NR-12;I4
312680-3;NR-12;I4
312681-1;NR-12;I4
312682-0;NR-12;I4
312683-8;NR-12;I4
312684-6;NR-12;I3
312685-4;NR-12;I3
312686-2;NR-12;I4
312687-0;NR-12;I4
312688-9;NR-12;I3
312689-7;NR-12;I3
312690-0;NR-12;I4
312691-9;NR-12;I3
312692-7;NR-12;I3
312693-5;NR-12;I3
312694-3;NR-12;I3
312695-1;NR-12;I3
312696-0;NR-12;I3
312697-8;NR-12;I3
312698-6;NR-12;I4
312699-4;NR-12;I2
312700-1;NR-12;I3
312701-0;NR-12;I4
312702-8;NR-12;I4
312703-6;NR-12;I4
312704-4;NR-12;I3
312705-2;NR-12;I4
312706-0;NR-12;I4
312707-9;NR-12;I4
312708-7;NR-12;I4
312709-5;NR-12;I4
312710-9;NR-12;I4
312711-7;NR-12;I4
312712-5;NR-12;I4
312713-3;NR-12;I4
312714-1;NR-12;I4
312715-0;NR-12;I4
312716-8;NR-12;I4
312717-6;NR-12;I4
312718-4;NR-12;I4
312719-2;NR-12;I4
312720-6;NR-12;I4
312721-4;NR-12;I3
312722-2;NR-12;I4
312723-0;NR-12;I4
312724-9;NR-12;I3
312725-7;NR-12;I3
312726-5;NR-12;I4
312727-3;NR-12;I4
312728-1;NR-12;I4
312729-0;NR-12;I4
312730-3;NR-12;I3
312731-1;NR-12;I4
312732-0;NR-12;I4
312733-8;NR-12;I4
312734-6;NR-12;I4
312735-4;NR-12;I4
312736-2;NR-12;I3
312737-0;NR-12;I4
312738-9;NR-12;I4
312739-7;NR-12;I4
312740-0;NR-12;I4
312741-9;NR-12;I4
312742-7;NR-12;I4
312743-5;NR-12;I4
312744-3;NR-12;I4
312745-1;NR-12;I4
312746-0;NR-12;I4
312747-8;NR-12;I4
312748-6;NR-12;I4
312749-4;NR-12;I4
312750-8;NR-12;I4
312751-6;NR-12;I4
312752-4;NR-12;I4
312753-2;NR-12;I4
312754-0;NR-12;I4
312755-9;NR-12;I4
312756-7;NR-12;I4
312757-5;NR-12;I4
312758-3;NR-12;I4
312759-1;NR-12;I4
312760-5;NR-12;I4
312761-3;NR-12;I4
312762-1;NR-12;I4
312763-0;NR-12;I4
312764-8;NR-12;I4
312765-6;NR-12;I4
312766-4;NR-12;I3
312767-2;NR-12;I3
312768-0;NR-12;I3
312769-9;NR-12;I3
312770-2;NR-12;I3
312771-0;NR-12;I3
312772-9;NR-12;I3
312773-7;NR-12;I3
312774-5;NR-12;I3
312775-3;NR-12;I3
312776-1;NR-12;I4
312777-0;NR-12;I3
312778-8;NR-12;I3
312779-6;NR-12;I4
312780-0;NR-12;I3
312781-8;NR-12;I4
312782-6;NR-12;I4
312783-4;NR-12;I3
312784-2;NR-12;I3
312785-0;NR-12;I4
312786-9;NR-12;I4
312787-7;NR-12;I4
312788-5;NR-12;I4
312789-3;NR-12;I4
312790-7;NR-12;I3
312791-5;NR-12;I3
312792-3;NR-12;I3
312793-1;NR-12;I3
312794-0;NR-12;I3
312795-8;NR-12;I3
312796-6;NR-12;I3
312797-4;NR-12;I4
312798-2;NR-12;I4
312799-0;NR-12;I4
312800-8;NR-12;I4
312801-6;NR-12;I4
312802-4;NR-12;I4
312803-2;NR-12;I3
312804-0;NR-12;I3
312805-9;NR-12;I3
312806-7;NR-12;I3
312807-5;NR-12;I4
312808-3;NR-12;I4
312809-1;NR-12;I4
312810-5;NR-12;I3
312811-3;NR-12;I3
312812-1;NR-12;I4
312813-0;NR-12;I4
312814-8;NR-12;I4
312815-6;NR-12;I3
312816-4;NR-12;I3
312817-2;NR-12;I4
312818-0;NR-12;I4
312819-9;NR-12;I4
312820-2;NR-12;I3
312821-0;NR-12;I4
312822-9;NR-12;I3
312823-7;NR-12;I3
312824-5;NR-12;I4
312825-3;NR-12;I3
312826-1;NR-12;I4
312827-0;NR-12;I3
312828-8;NR-12;I4
312829-6;NR-12;I4
312830-0;NR-12;I4
312831-8;NR-12;I4
312832-6;NR-12;I3
312833-4;NR-12;I4
312834-2;NR-12;I4
312835-0;NR-12;I3
312836-9;NR-12;I4
312837-7;NR-12;I4
312838-5;NR-12;I4
312839-3;NR-12;I3
312840-7;NR-12;I3
312841-5;NR-12;I3
312842-3;NR-12;I4
312843-1;NR-12;I3
312844-0;NR-12;I4
312845-8;NR-12;I4
312846-6;NR-12;I2
312847-4;NR-12;I4
312848-2;NR-12;I4
312849-0;NR-12;I3
312850-4;NR-12;I4
312851-2;NR-12;I4
312852-0;NR-12;I4
312853-9;NR-12;I3
312854-7;NR-12;I4
312855-5;NR-12;I3
312856-3;NR-12;I4
312857-1;NR-12;I4
312858-0;NR-12;I4
312859-8;NR-12;I4
312860-1;NR-12;I3
312861-0;NR-12;I3
312862-8;NR-12;I3
312863-6;NR-12;I4
312864-4;NR-12;I4
312865-2;NR-12;I4
312866-0;NR-12;I3
312867-9;NR-12;I3
312868-7;NR-12;I4
312869-5;NR-12;I3
312870-9;NR-12;I3
312871-7;NR-12;I3
312872-5;NR-12;I4
312873-3;NR-12;I3
312874-1;NR-12;I2
312875-0;NR-12;I3
312876-8;NR-12;I4
312877-6;NR-12;I4
312878-4;NR-12;I4
312879-2;NR-12;I3
312880-6;NR-12;I3
312881-4;NR-12;I3
312882-2;NR-12;I3
312883-0;NR-12;I4
312884-9;NR-12;I4
312885-7;NR-12;I4
312886-5;NR-12;I4
312887-3;NR-12;I4
312888-1;NR-12;I4
312889-0;NR-12;I4
312890-3;NR-12;I3
312891-1;NR-12;I3
312892-0;NR-12;I3
312893-8;NR-12;I3
312894-6;NR-12;I3
312895-4;NR-12;I3
312896-2;NR-12;I1
312897-0;NR-12;I2
312898-9;NR-12;I4
312899-7;NR-12;I3
312900-4;NR-12;I2
312901-2;NR-12;I1
312902-0;NR-12;I2
312903-9;NR-12;I3
312904-7;NR-12;I2
312905-5;NR-12;I2
312906-3;NR-12;I2
312907-1;NR-12;I2
312908-0;NR-12;I2
312909-8;NR-12;I2
312910-1;NR-12;I3
312911-0;NR-12;I2
312912-8;NR-12;I2
312913-6;NR-12;I2
312914-4;NR-12;I2
312915-2;NR-12;I2
312916-0;NR-12;I2
312917-9;NR-12;I2
312918-7;NR-12;I2
312919-5;NR-12;I2
312920-9;NR-12;I2
312921-7;NR-12;I2
312922-5;NR-12;I2
312923-3;NR-12;I4
312924-1;NR-12;I2
312925-0;NR-12;I2
312926-8;NR-12;I2
312927-6;NR-12;I4
312944-6;NR-12;I3
312945-4;NR-12;I3
312946-2;NR-12;I3
312947-0;NR-12;I4
312948-9;NR-12;I3
312949-7;NR-12;I2
312950-0;NR-12;I4
312951-9;NR-12;I4
312952-7;NR-12;I4
312953-5;NR-12;I4
312954-3;NR-12;I4
312955-1;NR-12;I3
312956-0;NR-12;I3
312957-8;NR-12;I4
312958-6;NR-12;I2
312959-4;NR-12;I4
312960-8;NR-12;I3
312961-6;NR-12;I2
312962-4;NR-12;I2
312963-2;NR-12;I3
312964-0;NR-12;I2
312965-9;NR-12;I2
312966-7;NR-12;I4
312968-3;NR-12;I4
312970-5;NR-12;I3
312972-1;NR-12;I4
312973-0;NR-12;I4
312979-9;NR-12;I4
312981-0;NR-12;I4
312982-9;NR-12;I3
312983-7;NR-12;I4
312984-5;NR-12;I4
312985-3;NR-12;I4
312986-1;NR-12;I4
312987-0;NR-12;I3
312988-8;NR-12;I3
312989-6;NR-12;I2
312990-0;NR-12;I4
312991-8;NR-12;I4
312992-6;NR-12;I4
312993-4;NR-12;I4
312994-2;NR-12;I4
312995-0;NR-12;I4
312996-9;NR-12;I4
312997-7;NR-12;I4
312998-5;NR-12;I3
312999-3;NR-12;I3
318139-1;NR-18;I3
318140-5;NR-18;I3
318141-3;NR-18;I3
318142-1;NR-18;I3
318143-0;NR-18;I2
318144-8;NR-18;I3
318145-6;NR-18;I3
318146-4;NR-18;I3
318147-2;NR-18;I3
318148-0;NR-18;I2
318149-9;NR-18;I3
318150-2;NR-18;I3
318151-0;NR-18;I3
318152-9;NR-18;I3
318153-7;NR-18;I3
318154-5;NR-18;I3
318155-3;NR-18;I3
318156-1;NR-18;I3
318157-0;NR-18;I3
318158-8;NR-18;I3
318159-6;NR-18;I3
318160-0;NR-18;I3
318161-8;NR-18;I3
318162-6;NR-18;I3
318163-4;NR-18;I3
318164-2;NR-18;I3
318165-0;NR-18;I3
318166-9;NR-18;I3
318167-7;NR-18;I3
318168-5;NR-18;I3
318169-3;NR-18;I3
318170-7;NR-18;I3
318171-5;NR-18;I3
318172-3;NR-18;I3
318173-1;NR-18;I3
318174-0;NR-18;I3
318175-8;NR-18;I3
318176-6;NR-18;I3
318177-4;NR-18;I3
318178-2;NR-18;I3
318179-0;NR-18;I3
318180-4;NR-18;I3
318181-2;NR-18;I3
318182-0;NR-18;I3
318183-9;NR-18;I3
318184-7;NR-18;I3
318185-5;NR-18;I3
318186-3;NR-18;I3
318187-1;NR-18;I3
318188-0;NR-18;I3
318189-8;NR-18;I3
318190-1;NR-18;I3
318191-0;NR-18;I3
318192-8;NR-18;I3
318193-6;NR-18;I3
318194-4;NR-18;I3
318195-2;NR-18;I3
318196-0;NR-18;I3
318197-9;NR-18;I3
318198-7;NR-18;I3
318199-5;NR-18;I3
318200-2;NR-18;I2
318201-0;NR-18;I3
318202-9;NR-18;I3
318203-7;NR-18;I3
318204-5;NR-18;I3
318205-3;NR-18;I3
318206-1;NR-18;I3
318207-0;NR-18;I3
318208-8;NR-18;I3
318209-6;NR-18;I3
318210-0;NR-18;I3
318211-8;NR-18;I3
318212-6;NR-18;I3
318213-4;NR-18;I3
318214-2;NR-18;I3
318215-0;NR-18;I3
318216-9;NR-18;I3
318217-7;NR-18;I3
318218-5;NR-18;I3
318219-3;NR-18;I3
318220-7;NR-18;I3
318221-5;NR-18;I3
318222-3;NR-18;I3
318223-1;NR-18;I3
318224-0;NR-18;I3
318225-8;NR-18;I3
318226-6;NR-18;I3
318227-4;NR-18;I3
318228-2;NR-18;I3
318229-0;NR-18;I3
318230-4;NR-18;I3
318231-2;NR-18;I3
318232-0;NR-18;I3
318233-9;NR-18;I3
318234-7;NR-18;I3
318235-5;NR-18;I3
318236-3;NR-18;I3
318237-1;NR-18;I3
318238-0;NR-18;I3
318239-8;NR-18;I3
318240-1;NR-18;I3
318241-0;NR-18;I3
318242-8;NR-18;I3
318243-6;NR-18;I3
318244-4;NR-18;I3
318245-2;NR-18;I3
318246-0;NR-18;I3
318247-9;NR-18;I3
318248-7;NR-18;I3
318249-5;NR-18;I3
318250-9;NR-18;I3
318251-7;NR-18;I3
318252-5;NR-18;I3
318253-3;NR-18;I3
318254-1;NR-18;I3
318255-0;NR-18;I3
318256-8;NR-18;I3
318257-6;NR-18;I3
318258-4;NR-18;I3
318259-2;NR-18;I3
318260-6;NR-18;I3
318261-4;NR-18;I3
318262-2;NR-18;I3
318263-0;NR-18;I3
318264-9;NR-18;I3
318265-7;NR-18;I3
318266-5;NR-18;I3
318267-3;NR-18;I3
318268-1;NR-18;I3
318269-0;NR-18;I3
318270-3;NR-18;I3
318271-1;NR-18;I3
318272-0;NR-18;I3
318273-8;NR-18;I3
318274-6;NR-18;I3
318275-4;NR-18;I3
318276-2;NR-18;I3
318277-0;NR-18;I3
318278-9;NR-18;I3
318279-7;NR-18;I3
318280-0;NR-18;I3
318281-9;NR-18;I3
318282-7;NR-18;I3
318283-5;NR-18;I3
318284-3;NR-18;I3
318285-1;NR-18;I3
318286-0;NR-18;I3
318287-8;NR-18;I3
318288-6;NR-18;I3
318289-4;NR-18;I3
318290-8;NR-18;I3
318291-6;NR-18;I3
318292-4;NR-18;I3
318293-2;NR-18;I3
318294-0;NR-18;I3
318295-9;NR-18;I3
318296-7;NR-18;I3
318297-5;NR-18;I3
318298-3;NR-18;I3
318299-1;NR-18;I3
318300-9;NR-18;I3
318301-7;NR-18;I3
318302-5;NR-18;I3
318303-3;NR-18;I3
318304-1;NR-18;I3
318305-0;NR-18;I3
318306-8;NR-18;I3
318307-6;NR-18;I3
318308-4;NR-18;I3
318309-2;NR-18;I3
318310-6;NR-18;I3
318311-4;NR-18;I3
318312-2;NR-18;I3
318313-0;NR-18;I3
318314-9;NR-18;I3
318315-7;NR-18;I3
318316-5;NR-18;I3
318317-3;NR-18;I3
318318-1;NR-18;I3
318319-0;NR-18;I3
318320-3;NR-18;I3
318321-1;NR-18;I3
318322-0;NR-18;I3
318323-8;NR-18;I2
318324-6;NR-18;I3
318325-4;NR-18;I3
318326-2;NR-18;I3
318327-0;NR-18;I3
318328-9;NR-18;I3
318329-7;NR-18;I3
318330-0;NR-18;I3
318331-9;NR-18;I3
318332-7;NR-18;I4
318333-5;NR-18;I3
318334-3;NR-18;I3
318335-1;NR-18;I3
318336-0;NR-18;I3
318337-8;NR-18;I3
318338-6;NR-18;I3
318339-4;NR-18;I3
318340-8;NR-18;I3
318341-6;NR-18;I3
318342-4;NR-18;I3
318343-2;NR-18;I2
318344-0;NR-18;I2
318345-9;NR-18;I3
318346-7;NR-18;I2
318347-5;NR-18;I3
318348-3;NR-18;I3
318349-1;NR-18;I3
318350-5;NR-18;I3
318351-3;NR-18;I3
318352-1;NR-18;I3
318353-0;NR-18;I3
318354-8;NR-18;I3
318355-6;NR-18;I3
318356-4;NR-18;I3
318357-2;NR-18;I3
318358-0;NR-18;I3
318359-9;NR-18;I3
318360-2;NR-18;I3
318361-0;NR-18;I3
318362-9;NR-18;I3
318363-7;NR-18;I3
318364-5;NR-18;I3
318365-3;NR-18;I3
318366-1;NR-18;I3
318367-0;NR-18;I3
318368-8;NR-18;I3
318369-6;NR-18;I3
318370-0;NR-18;I3
318371-8;NR-18;I3
318372-6;NR-18;I3
318373-4;NR-18;I3
318374-2;NR-18;I3
318375-0;NR-18;I3
318376-9;NR-18;I3
318377-7;NR-18;I3
318378-5;NR-18;I3
318379-3;NR-18;I3
318380-7;NR-18;I3
318381-5;NR-18;I3
318382-3;NR-18;I3
318383-1;NR-18;I3
318384-0;NR-18;I3
318385-8;NR-18;I3
318386-6;NR-18;I3
318387-4;NR-18;I3
318388-2;NR-18;I3
318389-0;NR-18;I3
318390-4;NR-18;I3
318391-2;NR-18;I3
318392-0;NR-18;I3
318393-9;NR-18;I3
318394-7;NR-18;I3
318395-5;NR-18;I3
318396-3;NR-18;I3
318397-1;NR-18;I3
318398-0;NR-18;I3
318399-8;NR-18;I3
318400-5;NR-18;I3
318401-3;NR-18;I3
318402-1;NR-18;I3
318403-0;NR-18;I3
318404-8;NR-18;I3
318405-6;NR-18;I3
318406-4;NR-18;I3
318407-2;NR-18;I3
318408-0;NR-18;I3
318409-9;NR-18;I3
318410-2;NR-18;I3
318411-0;NR-18;I3
318412-9;NR-18;I3
318413-7;NR-18;I3
318414-5;NR-18;I3
318415-3;NR-18;I3
318416-1;NR-18;I3
318417-0;NR-18;I3
318418-8;NR-18;I3
318419-6;NR-18;I3
318420-0;NR-18;I3
318421-8;NR-18;I3
318422-6;NR-18;I3
318423-4;NR-18;I3
318424-2;NR-18;I3
318425-0;NR-18;I3
318426-9;NR-18;I2
318427-7;NR-18;I3
318428-5;NR-18;I3
318429-3;NR-18;I3
318430-7;NR-18;I3
318431-5;NR-18;I3
318432-3;NR-18;I3
318433-1;NR-18;I3
318434-0;NR-18;I3
318435-8;NR-18;I3
318436-6;NR-18;I2
318437-4;NR-18;I3
318438-2;NR-18;I3
318439-0;NR-18;I3
318440-4;NR-18;I2
318441-2;NR-18;I3
318442-0;NR-18;I3
318443-9;NR-18;I3
318444-7;NR-18;I3
318445-5;NR-18;I3
318446-3;NR-18;I3
318447-1;NR-18;I3
318448-0;NR-18;I2
318449-8;NR-18;I3
318450-1;NR-18;I3
318451-0;NR-18;I3
318452-8;NR-18;I3
318453-6;NR-18;I3
318454-4;NR-18;I3
318455-2;NR-18;I2
318456-0;NR-18;I3
318457-9;NR-18;I4
318458-7;NR-18;I3
318459-5;NR-18;I3
318460-9;NR-18;I3
318461-7;NR-18;I3
318462-5;NR-18;I3
318463-3;NR-18;I3
318464-1;NR-18;I3
318465-0;NR-18;I3
318466-8;NR-18;I3
318467-6;NR-18;I3
318468-4;NR-18;I3
318469-2;NR-18;I3
318470-6;NR-18;I3
318471-4;NR-18;I3
318472-2;NR-18;I3
318473-0;NR-18;I2
318474-9;NR-18;I3
318475-7;NR-18;I3
318476-5;NR-18;I3
318477-3;NR-18;I3
318478-1;NR-18;I3
318479-0;NR-18;I3
318480-3;NR-18;I3
318481-1;NR-18;I3
318482-0;NR-18;I3
318483-8;NR-18;I3
318484-6;NR-18;I3
322018-4;NR-22;I4
322019-2;NR-22;I2
322020-6;NR-22;I4
322021-4;NR-22;I3
322022-2;NR-22;I3
322023-0;NR-22;I4
322024-9;NR-22;I4
322025-7;NR-22;I4
322026-5;NR-22;I4
322027-3;NR-22;I4
322028-1;NR-22;I4
322029-0;NR-22;I4
322030-3;NR-22;I4
322031-1;NR-22;I3
322032-0;NR-22;I4
322033-8;NR-22;I3
322034-6;NR-22;I3
322035-4;NR-22;I3
322036-2;NR-22;I3
322037-0;NR-22;I1
322038-9;NR-22;I1
322039-7;NR-22;I1
322040-0;NR-22;I1
322041-9;NR-22;I3
322042-7;NR-22;I4
322043-5;NR-22;I3
322044-3;NR-22;I4
322045-1;NR-22;I4
322046-0;NR-22;I4
322047-8;NR-22;I4
322048-6;NR-22;I4
322049-4;NR-22;I4
322050-8;NR-22;I3
322051-6;NR-22;I4
322052-4;NR-22;I3
322053-2;NR-22;I3
322054-0;NR-22;I3
322055-9;NR-22;I3
322056-7;NR-22;I3
322057-5;NR-22;I4
322058-3;NR-22;I4
322059-1;NR-22;I4
322060-5;NR-22;I3
322061-3;NR-22;I4
322062-1;NR-22;I4
322063-0;NR-22;I4
322064-8;NR-22;I3
322065-6;NR-22;I3
322066-4;NR-22;I3
322067-2;NR-22;I4
322068-0;NR-22;I4
322069-9;NR-22;I2
322070-2;NR-22;I4
322071-0;NR-22;I4
322072-9;NR-22;I4
322073-7;NR-22;I4
322074-5;NR-22;I4
322075-3;NR-22;I4
322076-1;NR-22;I4
322077-0;NR-22;I4
322078-8;NR-22;I4
322079-6;NR-22;I4
322080-0;NR-22;I4
322081-8;NR-22;I4
322082-6;NR-22;I4
322083-4;NR-22;I4
322084-2;NR-22;I4
322085-0;NR-22;I3
322086-9;NR-22;I4
322087-7;NR-22;I4
322088-5;NR-22;I1
322089-3;NR-22;I3
322090-7;NR-22;I3
322091-5;NR-22;I3
322092-3;NR-22;I3
322093-1;NR-22;I3
322094-0;NR-22;I3
322095-8;NR-22;I4
322096-6;NR-22;I4
322097-4;NR-22;I3
322098-2;NR-22;I4
322099-0;NR-22;I4
322100-8;NR-22;I3
322101-6;NR-22;I3
322102-4;NR-22;I3
322103-2;NR-22;I4
322104-0;NR-22;I3
322105-9;NR-22;I4
322106-7;NR-22;I4
322107-5;NR-22;I3
322108-3;NR-22;I4
322109-1;NR-22;I3
322110-5;NR-22;I4
322111-3;NR-22;I4
322112-1;NR-22;I4
322113-0;NR-22;I4
322114-8;NR-22;I4
322115-6;NR-22;I4
322116-4;NR-22;I4
322117-2;NR-22;I4
322118-0;NR-22;I4
322119-9;NR-22;I4
322120-2;NR-22;I4
322121-0;NR-22;I4
322122-9;NR-22;I2
322123-7;NR-22;I4
322124-5;NR-22;I3
322125-3;NR-22;I4
322126-1;NR-22;I4
322127-0;NR-22;I4
322128-8;NR-22;I3
322129-6;NR-22;I4
322130-0;NR-22;I4
322131-8;NR-22;I4
322132-6;NR-22;I4
322133-4;NR-22;I4
322134-2;NR-22;I3
322135-0;NR-22;I4
322136-9;NR-22;I4
322137-7;NR-22;I4
322138-5;NR-22;I4
322139-3;NR-22;I4
322140-7;NR-22;I4
322141-5;NR-22;I4
322142-3;NR-22;I4
322143-1;NR-22;I4
322144-0;NR-22;I4
322145-8;NR-22;I4
322146-6;NR-22;I4
322147-4;NR-22;I4
322148-2;NR-22;I4
322149-0;NR-22;I4
322150-4;NR-22;I4
322151-2;NR-22;I4
322152-0;NR-22;I3
322153-9;NR-22;I4
322154-7;NR-22;I3
322155-5;NR-22;I4
322156-3;NR-22;I4
322157-1;NR-22;I4
322158-0;NR-22;I4
322159-8;NR-22;I3
322160-1;NR-22;I4
322161-0;NR-22;I3
322162-8;NR-22;I4
322163-6;NR-22;I4
322164-4;NR-22;I4
322165-2;NR-22;I4
322166-0;NR-22;I4
322167-9;NR-22;I4
322168-7;NR-22;I4
322169-5;NR-22;I4
322170-9;NR-22;I4
322171-7;NR-22;I4
322172-5;NR-22;I4
322173-3;NR-22;I4
322174-1;NR-22;I4
322175-0;NR-22;I4
322176-8;NR-22;I4
322177-6;NR-22;I4
322178-4;NR-22;I4
322179-2;NR-22;I4
322180-6;NR-22;I4
322181-4;NR-22;I4
322182-2;NR-22;I4
322183-0;NR-22;I4
322184-9;NR-22;I4
322185-7;NR-22;I4
322186-5;NR-22;I4
322187-3;NR-22;I4
322188-1;NR-22;I4
322189-0;NR-22;I4
322190-3;NR-22;I4
322191-1;NR-22;I4
322192-0;NR-22;I4
322193-8;NR-22;I4
322194-6;NR-22;I4
322195-4;NR-22;I4
322196-2;NR-22;I4
322197-0;NR-22;I4
322198-9;NR-22;I4
322199-7;NR-22;I4
322200-4;NR-22;I4
322201-2;NR-22;I4
322202-0;NR-22;I4
322203-9;NR-22;I4
322204-7;NR-22;I4
322205-5;NR-22;I4
322206-3;NR-22;I4
322207-1;NR-22;I4
322208-0;NR-22;I4
322209-8;NR-22;I4
322210-1;NR-22;I4
322211-0;NR-22;I4
322212-8;NR-22;I4
322213-6;NR-22;I4
322214-4;NR-22;I4
322215-2;NR-22;I4
322216-0;NR-22;I4
322217-9;NR-22;I4
322218-7;NR-22;I4
322219-5;NR-22;I4
322222-5;NR-22;I4
322223-3;NR-22;I4
322224-1;NR-22;I4
322225-0;NR-22;I4
322226-8;NR-22;I4
322227-6;NR-22;I3
322228-4;NR-22;I4
322229-2;NR-22;I3
322230-6;NR-22;I3
322231-4;NR-22;I3
322232-2;NR-22;I4
322233-0;NR-22;I4
322234-9;NR-22;I4
322235-7;NR-22;I4
322236-5;NR-22;I4
322237-3;NR-22;I4
322238-1;NR-22;I4
322239-0;NR-22;I4
322240-3;NR-22;I4
322241-1;NR-22;I4
322242-0;NR-22;I4
322243-8;NR-22;I4
322244-6;NR-22;I2
322245-4;NR-22;I4
322246-2;NR-22;I4
322247-0;NR-22;I4
322248-9;NR-22;I4
322249-7;NR-22;I4
322250-0;NR-22;I4
322251-9;NR-22;I4
322252-7;NR-22;I4
322253-5;NR-22;I3
322254-3;NR-22;I4
322255-1;NR-22;I4
322256-0;NR-22;I2
322257-8;NR-22;I4
322258-6;NR-22;I3
322259-4;NR-22;I4
322260-8;NR-22;I4
322261-6;NR-22;I4
322262-4;NR-22;I4
322263-2;NR-22;I4
322264-0;NR-22;I4
322265-9;NR-22;I4
322266-7;NR-22;I4
322267-5;NR-22;I4
322268-3;NR-22;I4
322269-1;NR-22;I4
322270-5;NR-22;I4
322271-3;NR-22;I4
322272-1;NR-22;I4
322273-0;NR-22;I4
322274-8;NR-22;I4
322275-6;NR-22;I4
322276-4;NR-22;I4
322277-2;NR-22;I4
322278-0;NR-22;I4
322279-9;NR-22;I4
322280-2;NR-22;I4
322281-0;NR-22;I4
322282-9;NR-22;I4
322283-7;NR-22;I4
322284-5;NR-22;I4
322285-3;NR-22;I4
322286-1;NR-22;I4
322287-0;NR-22;I4
322288-8;NR-22;I3
322289-6;NR-22;I4
322290-0;NR-22;I4
322291-8;NR-22;I4
322292-6;NR-22;I4
322293-4;NR-22;I4
322294-2;NR-22;I4
322295-0;NR-22;I4
322296-9;NR-22;I4
322297-7;NR-22;I4
322298-5;NR-22;I4
322299-3;NR-22;I4
322300-0;NR-22;I4
322301-9;NR-22;I4
322302-7;NR-22;I4
322303-5;NR-22;I4
322304-3;NR-22;I4
322305-1;NR-22;I2
322306-0;NR-22;I2
322307-8;NR-22;I4
322308-6;NR-22;I2
322309-4;NR-22;I4
322310-8;NR-22;I3
322311-6;NR-22;I4
322312-4;NR-22;I2
322313-2;NR-22;I2
322314-0;NR-22;I2
322315-9;NR-22;I2
322316-7;NR-22;I2
322317-5;NR-22;I4
322318-3;NR-22;I3
322319-1;NR-22;I4
322320-5;NR-22;I4
322321-3;NR-22;I4
322322-1;NR-22;I4
322323-0;NR-22;I4
322324-8;NR-22;I4
322325-6;NR-22;I4
322326-4;NR-22;I4
322327-2;NR-22;I3
322328-0;NR-22;I4
322329-9;NR-22;I4
322330-2;NR-22;I3
322331-0;NR-22;I3
322332-9;NR-22;I2
322333-7;NR-22;I4
322334-5;NR-22;I3
322335-3;NR-22;I4
322336-1;NR-22;I2
322337-0;NR-22;I4
322338-8;NR-22;I4
322339-6;NR-22;I4
322340-0;NR-22;I4
322341-8;NR-22;I4
322342-6;NR-22;I4
322343-4;NR-22;I4
322344-2;NR-22;I4
322345-0;NR-22;I4
322346-9;NR-22;I4
322347-7;NR-22;I2
322348-5;NR-22;I3
322349-3;NR-22;I3
322350-7;NR-22;I4
322351-5;NR-22;I4
322352-3;NR-22;I4
322353-1;NR-22;I4
322354-0;NR-22;I4
322355-8;NR-22;I4
322356-6;NR-22;I4
322357-4;NR-22;I4
322358-2;NR-22;I4
322359-0;NR-22;I4
322360-4;NR-22;I4
322361-2;NR-22;I4
322362-0;NR-22;I4
322363-9;NR-22;I4
322364-7;NR-22;I4
322365-5;NR-22;I2
322366-3;NR-22;I3
322367-1;NR-22;I4
322368-0;NR-22;I4
322369-8;NR-22;I4
322370-1;NR-22;I4
322371-0;NR-22;I4
322372-8;NR-22;I4
322373-6;NR-22;I4
322374-4;NR-22;I4
322375-2;NR-22;I4
322376-0;NR-22;I4
322377-9;NR-22;I4
322378-7;NR-22;I4
322379-5;NR-22;I4
322380-9;NR-22;I4
322381-7;NR-22;I4
322382-5;NR-22;I4
322383-3;NR-22;I4
322384-1;NR-22;I3
322385-0;NR-22;I4
322386-8;NR-22;I4
322387-6;NR-22;I4
322388-4;NR-22;I4
322389-2;NR-22;I2
322390-6;NR-22;I4
322391-4;NR-22;I4
322392-2;NR-22;I4
322393-0;NR-22;I3
322394-9;NR-22;I4
322395-7;NR-22;I4
322396-5;NR-22;I4
322397-3;NR-22;I4
322398-1;NR-22;I3
322399-0;NR-22;I4
322400-7;NR-22;I3
322401-5;NR-22;I4
322402-3;NR-22;I4
322403-1;NR-22;I4
322404-0;NR-22;I4
322405-8;NR-22;I4
322406-6;NR-22;I4
322407-4;NR-22;I4
322408-2;NR-22;I3
322409-0;NR-22;I4
322410-4;NR-22;I4
322411-2;NR-22;I4
322412-0;NR-22;I4
322413-9;NR-22;I4
322414-7;NR-22;I4
322415-5;NR-22;I4
322416-3;NR-22;I4
322417-1;NR-22;I4
322418-0;NR-22;I4
322419-8;NR-22;I4
322420-1;NR-22;I4
322421-0;NR-22;I4
322422-8;NR-22;I4
322423-6;NR-22;I4
322424-4;NR-22;I4
322425-2;NR-22;I4
322426-0;NR-22;I4
322427-9;NR-22;I4
322428-7;NR-22;I4
322429-5;NR-22;I4
322430-9;NR-22;I4
322431-7;NR-22;I4
322432-5;NR-22;I3
322433-3;NR-22;I4
322434-1;NR-22;I4
322435-0;NR-22;I4
322436-8;NR-22;I4
322437-6;NR-22;I3
322438-4;NR-22;I4
322439-2;NR-22;I2
322440-6;NR-22;I4
322441-4;NR-22;I4
322442-2;NR-22;I3
322443-0;NR-22;I4
322444-9;NR-22;I4
322445-7;NR-22;I4
322446-5;NR-22;I4
322447-3;NR-22;I4
322448-1;NR-22;I4
322449-0;NR-22;I4
322450-3;NR-22;I4
322451-1;NR-22;I4
322452-0;NR-22;I4
322453-8;NR-22;I4
322454-6;NR-22;I4
322455-4;NR-22;I4
322456-2;NR-22;I4
322457-0;NR-22;I4
322458-9;NR-22;I4
322459-7;NR-22;I4
322460-0;NR-22;I4
322461-9;NR-22;I4
322462-7;NR-22;I4
322463-5;NR-22;I4
322464-3;NR-22;I4
322465-1;NR-22;I4
322466-0;NR-22;I4
322467-8;NR-22;I4
322468-6;NR-22;I4
322469-4;NR-22;I4
322470-8;NR-22;I4
322471-6;NR-22;I4
322472-4;NR-22;I2
322473-2;NR-22;I4
322474-0;NR-22;I4
322475-9;NR-22;I4
322476-7;NR-22;I4
322477-5;NR-22;I4
322478-3;NR-22;I3
322479-1;NR-22;I3
322480-5;NR-22;I4
322481-3;NR-22;I4
322482-1;NR-22;I4
322483-0;NR-22;I4
322484-8;NR-22;I4
322485-6;NR-22;I4
322486-4;NR-22;I4
322487-2;NR-22;I4
322488-0;NR-22;I4
322489-9;NR-22;I4
322490-2;NR-22;I4
322491-0;NR-22;I4
322492-9;NR-22;I4
322493-7;NR-22;I4
322494-5;NR-22;I4
322495-3;NR-22;I4
322496-1;NR-22;I4
322497-0;NR-22;I4
322498-8;NR-22;I4
322499-6;NR-22;I4
322500-3;NR-22;I4
322501-1;NR-22;I4
322502-0;NR-22;I4
322503-8;NR-22;I4
322504-6;NR-22;I4
322505-4;NR-22;I4
322506-2;NR-22;I4
322507-0;NR-22;I4
322508-9;NR-22;I4
322509-7;NR-22;I4
322510-0;NR-22;I4
322511-9;NR-22;I4
322512-7;NR-22;I3
322513-5;NR-22;I4
322514-3;NR-22;I4
322515-1;NR-22;I4
322516-0;NR-22;I4
322517-8;NR-22;I4
322518-6;NR-22;I4
322519-4;NR-22;I4
322520-8;NR-22;I4
322521-6;NR-22;I4
322522-4;NR-22;I4
322523-2;NR-22;I4
322524-0;NR-22;I4
322525-9;NR-22;I4
322526-7;NR-22;I4
322527-5;NR-22;I4
322528-3;NR-22;I4
322529-1;NR-22;I4
322530-5;NR-22;I3
322531-3;NR-22;I4
322532-1;NR-22;I4
322533-0;NR-22;I4
322534-8;NR-22;I4
322535-6;NR-22;I4
322536-4;NR-22;I4
322537-2;NR-22;I4
322538-0;NR-22;I4
322539-9;NR-22;I4
322540-2;NR-22;I4
322541-0;NR-22;I4
322542-9;NR-22;I4
322543-7;NR-22;I4
322544-5;NR-22;I3
322545-3;NR-22;I3
322546-1;NR-22;I3
322547-0;NR-22;I4
322548-8;NR-22;I4
322549-6;NR-22;I4
322550-0;NR-22;I3
322551-8;NR-22;I4
322552-6;NR-22;I4
322553-4;NR-22;I4
322554-2;NR-22;I4
322555-0;NR-22;I4
322556-9;NR-22;I4
322557-7;NR-22;I4
322558-5;NR-22;I4
322559-3;NR-22;I4
322560-7;NR-22;I4
322561-5;NR-22;I4
322562-3;NR-22;I4
322563-1;NR-22;I4
322564-0;NR-22;I4
322565-8;NR-22;I4
322566-6;NR-22;I4
322567-4;NR-22;I4
322568-2;NR-22;I4
322569-0;NR-22;I4
322570-4;NR-22;I4
322571-2;NR-22;I4
322572-0;NR-22;I4
322573-9;NR-22;I4
322574-7;NR-22;I4
322575-5;NR-22;I4
322576-3;NR-22;I4
322577-1;NR-22;I4
322578-0;NR-22;I4
322579-8;NR-22;I4
322580-1;NR-22;I4
322581-0;NR-22;I2
322582-8;NR-22;I3
322583-6;NR-22;I4
322584-4;NR-22;I4
322585-2;NR-22;I4
322586-0;NR-22;I4
322587-9;NR-22;I4
322588-7;NR-22;I4
322589-5;NR-22;I4
322590-9;NR-22;I4
322591-7;NR-22;I4
322592-5;NR-22;I4
322593-3;NR-22;I4
322594-1;NR-22;I4
322595-0;NR-22;I4
322596-8;NR-22;I4
322597-6;NR-22;I4
322598-4;NR-22;I2
322599-2;NR-22;I3
322600-0;NR-22;I3
322601-8;NR-22;I3
322602-6;NR-22;I4
322603-4;NR-22;I4
322604-2;NR-22;I3
322605-0;NR-22;I4
322606-9;NR-22;I4
322607-7;NR-22;I4
322608-5;NR-22;I4
322609-3;NR-22;I4
322610-7;NR-22;I4
322611-5;NR-22;I3
322612-3;NR-22;I4
322613-1;NR-22;I3
322614-0;NR-22;I4
322615-8;NR-22;I4
322616-6;NR-22;I4
322617-4;NR-22;I4
322618-2;NR-22;I4
322619-0;NR-22;I4
322620-4;NR-22;I4
322621-2;NR-22;I3
322622-0;NR-22;I4
322623-9;NR-22;I4
322624-7;NR-22;I4
322625-5;NR-22;I4
322626-3;NR-22;I4
322627-1;NR-22;I4
322628-0;NR-22;I3
322629-8;NR-22;I3
322630-1;NR-22;I3
322631-0;NR-22;I3
322632-8;NR-22;I3
322633-6;NR-22;I3
322634-4;NR-22;I3
322635-2;NR-22;I3
322636-0;NR-22;I3
322637-9;NR-22;I3
322638-7;NR-22;I3
322639-5;NR-22;I3
322640-9;NR-22;I4
322641-7;NR-22;I4
322642-5;NR-22;I3
322643-3;NR-22;I3
322644-1;NR-22;I3
322645-0;NR-22;I4
322646-8;NR-22;I4
322647-6;NR-22;I4
322648-4;NR-22;I4
322649-2;NR-22;I4
322650-6;NR-22;I4
322651-4;NR-22;I4
322652-2;NR-22;I4
322653-0;NR-22;I4
322654-9;NR-22;I4
322655-7;NR-22;I4
322656-5;NR-22;I2
322657-3;NR-22;I3
322658-1;NR-22;I4
322659-0;NR-22;I4
322660-3;NR-22;I4
322661-1;NR-22;I3
322662-0;NR-22;I3
322663-8;NR-22;I3
322664-6;NR-22;I3
322665-4;NR-22;I3
322666-2;NR-22;I2
322667-0;NR-22;I3
322668-9;NR-22;I3
322669-7;NR-22;I3
322670-0;NR-22;I4
322671-9;NR-22;I4
322672-7;NR-22;I4
322673-5;NR-22;I4
322674-3;NR-22;I4
322675-1;NR-22;I4
322676-0;NR-22;I4
322677-8;NR-22;I4
322678-6;NR-22;I4
322679-4;NR-22;I4
322680-8;NR-22;I2
322681-6;NR-22;I4
322682-4;NR-22;I3
322683-2;NR-22;I3
322684-0;NR-22;I4
322685-9;NR-22;I4
322686-7;NR-22;I2
322687-5;NR-22;I3
322688-3;NR-22;I3
322689-1;NR-22;I3
322690-5;NR-22;I3
322691-3;NR-22;I3
322692-1;NR-22;I3
322693-0;NR-22;I3
322694-8;NR-22;I4
322695-6;NR-22;I4
322696-4;NR-22;I4
322697-2;NR-22;I4
322698-0;NR-22;I4
322699-9;NR-22;I4
322700-6;NR-22;I4
322701-4;NR-22;I4
322702-2;NR-22;I4
322703-0;NR-22;I4
322704-9;NR-22;I4
322705-7;NR-22;I4
322706-5;NR-22;I3
322707-3;NR-22;I3
322708-1;NR-22;I4
322709-0;NR-22;I4
322710-3;NR-22;I4
322711-1;NR-22;I4
322712-0;NR-22;I4
322713-8;NR-22;I4
322714-6;NR-22;I4
322715-4;NR-22;I4
322716-2;NR-22;I4
322717-0;NR-22;I4
322718-9;NR-22;I4
322719-7;NR-22;I4
322720-0;NR-22;I4
322721-9;NR-22;I4
322722-7;NR-22;I4
322723-5;NR-22;I4
322724-3;NR-22;I4
322725-1;NR-22;I4
322726-0;NR-22;I4
322727-8;NR-22;I4
322728-6;NR-22;I4
322729-4;NR-22;I4
322730-8;NR-22;I4
322731-6;NR-22;I4
322732-4;NR-22;I4
322733-2;NR-22;I4
322734-0;NR-22;I4
322735-9;NR-22;I4
322736-7;NR-22;I4
322737-5;NR-22;I4
322738-3;NR-22;I4
322739-1;NR-22;I4
322740-5;NR-22;I4
322741-3;NR-22;I4
322742-1;NR-22;I4
322743-0;NR-22;I4
322744-8;NR-22;I4
322745-6;NR-22;I4
322746-4;NR-22;I4
322747-2;NR-22;I4
322748-0;NR-22;I4
322749-9;NR-22;I4
322750-2;NR-22;I4
322751-0;NR-22;I4
322752-9;NR-22;I4
322753-7;NR-22;I4
322754-5;NR-22;I4
322755-3;NR-22;I4
322756-1;NR-22;I4
322757-0;NR-22;I4
322758-8;NR-22;I4
322759-6;NR-22;I4
322760-0;NR-22;I4
322761-8;NR-22;I2
322762-6;NR-22;I4
322763-4;NR-22;I3
322764-2;NR-22;I4
322765-0;NR-22;I4
322766-9;NR-22;I4
322767-7;NR-22;I4
322768-5;NR-22;I4
322769-3;NR-22;I4
322770-7;NR-22;I4
322771-5;NR-22;I4
322772-3;NR-22;I4
322773-1;NR-22;I4
322774-0;NR-22;I4
322775-8;NR-22;I4
322776-6;NR-22;I4
322777-4;NR-22;I4
322778-2;NR-22;I4
322779-0;NR-22;I4
322780-4;NR-22;I4
322781-2;NR-22;I4
322782-0;NR-22;I3
322783-9;NR-22;I3
322784-7;NR-22;I4
322785-5;NR-22;I4
329372-6;NR-29;I4
329374-2;NR-29;I3
329375-0;NR-29;I3
329376-9;NR-29;I3
329377-7;NR-29;I3
329378-5;NR-29;I3
329379-3;NR-29;I3
329380-7;NR-29;I3
329381-5;NR-29;I3
329382-3;NR-29;I3
329383-1;NR-29;I3
329384-0;NR-29;I3
329385-8;NR-29;I3
329386-6;NR-29;I3
329387-4;NR-29;I3
329388-2;NR-29;I3
329389-0;NR-29;I3
329390-4;NR-29;I3
329391-2;NR-29;I3
329392-0;NR-29;I3
329393-9;NR-29;I2
329394-7;NR-29;I2
329396-3;NR-29;I2
329397-1;NR-29;I3
329398-0;NR-29;I3
329399-8;NR-29;I3
329400-5;NR-29;I3
329401-3;NR-29;I3
329402-1;NR-29;I3
329403-0;NR-29;I3
329404-8;NR-29;I3
329405-6;NR-29;I3
329406-4;NR-29;I3
329407-2;NR-29;I3
329408-0;NR-29;I3
329409-9;NR-29;I3
329410-2;NR-29;I3
329411-0;NR-29;I3
329412-9;NR-29;I3
329413-7;NR-29;I3
329414-5;NR-29;I3
329415-3;NR-29;I3
329416-1;NR-29;I3
329417-0;NR-29;I3
329418-8;NR-29;I3
329419-6;NR-29;I3
329420-0;NR-29;I3
329421-8;NR-29;I3
329422-6;NR-29;I3
329423-4;NR-29;I3
329424-2;NR-29;I3
329425-0;NR-29;I3
329426-9;NR-29;I3
329427-7;NR-29;I3
329428-5;NR-29;I3
329429-3;NR-29;I3
329430-7;NR-29;I3
329431-5;NR-29;I3
329432-3;NR-29;I3
329433-1;NR-29;I3
329434-0;NR-29;I2
329435-8;NR-29;I3
329436-6;NR-29;I3
329437-4;NR-29;I3
329438-2;NR-29;I3
329439-0;NR-29;I3
329440-4;NR-29;I3
329441-2;NR-29;I3
329442-0;NR-29;I3
329443-9;NR-29;I3
329444-7;NR-29;I3
329445-5;NR-29;I3
329446-3;NR-29;I3
329447-1;NR-29;I3
329448-0;NR-29;I3
329449-8;NR-29;I3
329450-1;NR-29;I3
329451-0;NR-29;I3
329452-8;NR-29;I3
329453-6;NR-29;I3
329454-4;NR-29;I3
329455-2;NR-29;I3
329456-0;NR-29;I3
329457-9;NR-29;I3
329458-7;NR-29;I3
329459-5;NR-29;I3
329460-9;NR-29;I3
329461-7;NR-29;I3
329462-5;NR-29;I3
329463-3;NR-29;I3
329464-1;NR-29;I3
329465-0;NR-29;I3
329466-8;NR-29;I3
329467-6;NR-29;I3
329468-4;NR-29;I3
329469-2;NR-29;I3
329470-6;NR-29;I3
329471-4;NR-29;I3
329472-2;NR-29;I3
329473-0;NR-29;I3
329474-9;NR-29;I3
329475-7;NR-29;I3
329476-5;NR-29;I3
329477-3;NR-29;I3
329478-1;NR-29;I3
329479-0;NR-29;I3
329480-3;NR-29;I3
329481-1;NR-29;I3
329482-0;NR-29;I3
329483-8;NR-29;I3
329484-6;NR-29;I3
329485-4;NR-29;I3
329486-2;NR-29;I3
329487-0;NR-29;I3
329488-9;NR-29;I3
329489-7;NR-29;I3
329490-0;NR-29;I3
329491-9;NR-29;I3
329492-7;NR-29;I3
329493-5;NR-29;I3
329494-3;NR-29;I3
329495-1;NR-29;I3
329496-0;NR-29;I3
329497-8;NR-29;I3
329498-6;NR-29;I3
329499-4;NR-29;I3
329500-1;NR-29;I3
329501-0;NR-29;I3
329502-8;NR-29;I3
329503-6;NR-29;I3
329504-4;NR-29;I3
329505-2;NR-29;I3
329506-0;NR-29;I3
329507-9;NR-29;I3
329508-7;NR-29;I3
329509-5;NR-29;I3
329510-9;NR-29;I3
329511-7;NR-29;I3
329512-5;NR-29;I3
329513-3;NR-29;I3
329514-1;NR-29;I3
329515-0;NR-29;I3
329516-8;NR-29;I3
329517-6;NR-29;I3
329518-4;NR-29;I3
329519-2;NR-29;I3
329520-6;NR-29;I3
329521-4;NR-29;I3
329522-2;NR-29;I3
329523-0;NR-29;I3
329524-9;NR-29;I3
329525-7;NR-29;I2
412001-9;NR-12;I3
412002-7;NR-12;I3
412003-5;NR-12;I4
412004-3;NR-12;I3
412005-1;NR-12;I3
412006-0;NR-12;I2
412007-8;NR-12;I4
412008-6;NR-12;I4
412009-4;NR-12;I4
412010-8;NR-12;I4
412011-6;NR-12;I2
412012-4;NR-12;I4
412013-2;NR-12;I2
412014-0;NR-12;I4
412015-9;NR-12;I4
412016-7;NR-12;I3
412017-5;NR-12;I3
412018-3;NR-12;I3
412019-1;NR-12;I3
412020-5;NR-12;I3
412021-3;NR-12;I3
412022-1;NR-12;I3
412023-0;NR-12;I3
412024-8;NR-12;I3
412025-6;NR-12;I3
412026-4;NR-12;I4
412033-7;NR-12;I3
412034-5;NR-12;I2
412035-3;NR-12;I4
412036-1;NR-12;I4
412037-0;NR-12;I3
412038-8;NR-12;I4
412039-6;NR-12;I3
412040-0;NR-12;I4
412041-8;NR-12;I4
412042-6;NR-12;I4
412043-4;NR-12;I4
412044-2;NR-12;I4
412045-0;NR-12;I4
412046-9;NR-12;I4
412047-7;NR-12;I4
412048-5;NR-12;I4
412049-3;NR-12;I4
412050-7;NR-12;I4
412051-5;NR-12;I4
412052-3;NR-12;I4
412053-1;NR-12;I4
412054-0;NR-12;I4
412055-8;NR-12;I4
412056-6;NR-12;I3
412057-4;NR-12;I4
412058-2;NR-12;I4
412059-0;NR-12;I4
412060-4;NR-12;I4
412061-2;NR-12;I4
412062-0;NR-12;I4
412063-9;NR-12;I4
412064-7;NR-12;I4
412065-5;NR-12;I4
412066-3;NR-12;I4
412067-1;NR-12;I4
412068-0;NR-12;I3
412069-8;NR-12;I2
412070-1;NR-12;I3
412071-0;NR-12;I4
412072-8;NR-12;I2
412073-6;NR-12;I4
412074-4;NR-12;I4
412075-2;NR-12;I3
412076-0;NR-12;I4
412077-9;NR-12;I3
412078-7;NR-12;I2
412079-5;NR-12;I2
412080-9;NR-12;I4
412081-7;NR-12;I4
412083-3;NR-12;I3
412084-1;NR-12;I3
412085-0;NR-12;I3
412086-8;NR-12;I3
412087-6;NR-12;I3
412088-4;NR-12;I3
412089-2;NR-12;I2
412090-6;NR-12;I4
